1495540	init
1064	init.environ.rc
29531	init.rc
7690	init.usb.configfs.rc
5646	init.usb.rc
511	init.zygote32.rc
1368	res/images/charger/battery_fail.png
463	res/images/charger/battery_scale.png
973860	sbin/charger
37543	system/app/BasicDreams/BasicDreams.apk
17120	system/app/BasicDreams/oat/arm/BasicDreams.odex
15340	system/app/BasicDreams/oat/arm/BasicDreams.vdex
923338	system/app/Bluetooth/Bluetooth.apk
8542	system/app/BluetoothMidiService/BluetoothMidiService.apk
17120	system/app/BluetoothMidiService/oat/arm/BluetoothMidiService.odex
18540	system/app/BluetoothMidiService/oat/arm/BluetoothMidiService.vdex
92988	system/app/Bluetooth/oat/arm/Bluetooth.odex
4251304	system/app/Bluetooth/oat/arm/Bluetooth.vdex
226382	system/app/BuiltInPrintService/BuiltInPrintService.apk
25816	system/app/BuiltInPrintService/oat/arm/BuiltInPrintService.odex
129452	system/app/BuiltInPrintService/oat/arm/BuiltInPrintService.vdex
7671007	system/app/Camera2/Camera2.apk
74824	system/app/Camera2/oat/arm/Camera2.odex
2464556	system/app/Camera2/oat/arm/Camera2.vdex
78433	system/app/CaptivePortalLogin/CaptivePortalLogin.apk
29408	system/app/CaptivePortalLogin/oat/arm/CaptivePortalLogin.odex
769476	system/app/CaptivePortalLogin/oat/arm/CaptivePortalLogin.vdex
406356	system/app/CertInstaller/CertInstaller.apk
17120	system/app/CertInstaller/oat/arm/CertInstaller.odex
40576	system/app/CertInstaller/oat/arm/CertInstaller.vdex
17103	system/app/CompanionDeviceManager/CompanionDeviceManager.apk
17120	system/app/CompanionDeviceManager/oat/arm/CompanionDeviceManager.odex
22940	system/app/CompanionDeviceManager/oat/arm/CompanionDeviceManager.vdex
4817	system/app/CtsShimPrebuilt/CtsShimPrebuilt.apk
589165	system/app/EasterEgg/EasterEgg.apk
41696	system/app/EasterEgg/oat/arm/EasterEgg.odex
1549488	system/app/EasterEgg/oat/arm/EasterEgg.vdex
8542	system/app/ExtShared/ExtShared.apk
17116	system/app/ExtShared/oat/arm/ExtShared.odex
1500	system/app/ExtShared/oat/arm/ExtShared.vdex
20895	system/app/HTMLViewer/HTMLViewer.apk
17120	system/app/HTMLViewer/oat/arm/HTMLViewer.odex
7556	system/app/HTMLViewer/oat/arm/HTMLViewer.vdex
107143	system/app/KeyChain/KeyChain.apk
81604	system/app/KeyChain/oat/arm/KeyChain.odex
40004	system/app/KeyChain/oat/arm/KeyChain.vdex
17642641	system/app/LatinIME/LatinIME.apk
42736	system/app/LatinIME/oat/arm/LatinIME.odex
1386516	system/app/LatinIME/oat/arm/LatinIME.vdex
915835	system/app/LiveWallpapersPicker/LiveWallpapersPicker.apk
45792	system/app/LiveWallpapersPicker/oat/arm/LiveWallpapersPicker.odex
1984480	system/app/LiveWallpapersPicker/oat/arm/LiveWallpapersPicker.vdex
432454	system/app/NfcNci/NfcNci.apk
54800	system/app/NfcNci/oat/arm/NfcNci.odex
2286524	system/app/NfcNci/oat/arm/NfcNci.vdex
29788	system/app/OSControl/oat/arm/OSControl.odex
582964	system/app/OSControl/oat/arm/OSControl.vdex
37570	system/app/OSControl/OSControl.apk
21584	system/app/PacProcessor/oat/arm/PacProcessor.odex
4592	system/app/PacProcessor/oat/arm/PacProcessor.vdex
8542	system/app/PacProcessor/PacProcessor.apk
17120	system/app/PhotoTable/oat/arm/PhotoTable.odex
84532	system/app/PhotoTable/oat/arm/PhotoTable.vdex
465280	system/app/PhotoTable/PhotoTable.apk
21216	system/app/PrintRecommendationService/oat/arm/PrintRecommendationService.odex
107016	system/app/PrintRecommendationService/oat/arm/PrintRecommendationService.vdex
48089	system/app/PrintRecommendationService/PrintRecommendationService.apk
33820	system/app/PrintSpooler/oat/arm/PrintSpooler.odex
1042584	system/app/PrintSpooler/oat/arm/PrintSpooler.vdex
557768	system/app/PrintSpooler/PrintSpooler.apk
21216	system/app/SecureElement/oat/arm/SecureElement.odex
142360	system/app/SecureElement/oat/arm/SecureElement.vdex
8474	system/app/SecureElement/SecureElement.apk
25312	system/app/SimAppDialog/oat/arm/SimAppDialog.odex
601344	system/app/SimAppDialog/oat/arm/SimAppDialog.vdex
122728	system/app/SimAppDialog/SimAppDialog.apk
17120	system/app/SoundRecorder/oat/arm/SoundRecorder.odex
24184	system/app/SoundRecorder/oat/arm/SoundRecorder.vdex
177937	system/app/SoundRecorder/SoundRecorder.apk
45792	system/app/Traceur/oat/arm/Traceur.odex
1916072	system/app/Traceur/oat/arm/Traceur.vdex
4555908	system/app/Traceur/Traceur.apk
30200	system/app/WallpaperBackup/oat/arm/WallpaperBackup.odex
9136	system/app/WallpaperBackup/oat/arm/WallpaperBackup.vdex
8474	system/app/WallpaperBackup/WallpaperBackup.apk
25312	system/app/WallpaperPicker/oat/arm/WallpaperPicker.odex
669576	system/app/WallpaperPicker/oat/arm/WallpaperPicker.vdex
122124	system/app/WallpaperPicker/WallpaperPicker.apk
17120	system/app/WAPPushManager/oat/arm/WAPPushManager.odex
35100	system/app/WAPPushManager/oat/arm/WAPPushManager.vdex
8474	system/app/WAPPushManager/WAPPushManager.apk
107664	system/app/webview/oat/arm/webview.odex
1719924	system/app/webview/oat/arm/webview.vdex
51454773	system/app/webview/webview.apk
1269628	system/bin/adbd
207	system/bin/am
72516	system/bin/applypatch
33	system/bin/appops
29028	system/bin/app_process32
232	system/bin/appwidget
58460	system/bin/atrace
37316	system/bin/audioserver
126876	system/bin/awk
42104	system/bin/bcc
20440	system/bin/blank_screen
20292	system/bin/blkid
16016	system/bin/BLValidate
216	system/bin/bmgr
24792	system/bin/bootanimation
62200	system/bin/bootstat
29268	system/bin/bpfloader
173	system/bin/bu
16028	system/bin/bugreport
16136	system/bin/bugreportz
40376	system/bin/bzip2
16068	system/bin/cameraserver
52644	system/bin/clatd
45776	system/bin/cmd
224	system/bin/content
2575	system/bin/cppreopts.sh
106264	system/bin/crash_dump32
24496	system/bin/dalvikvm32
20284	system/bin/debuggerd
550784	system/bin/dex2oat
32780	system/bin/dexdiag
107908	system/bin/dexdump
24636	system/bin/dexlist
28884	system/bin/dexoptanalyzer
139900	system/bin/dnsmasq
173	system/bin/dpm
69964	system/bin/drmserver
255636	system/bin/dumpstate
41824	system/bin/dumpsys
194492	system/bin/e2fsck
29164	system/bin/e2fsdroid
148	system/bin/efuse-status
942	system/bin/factory-exit.sh
38416	system/bin/flashbootloader
109604	system/bin/fsck.f2fs
36968	system/bin/fsck_msdos
42656	system/bin/gatekeeperd
33708	system/bin/grep
68408	system/bin/healthd
213	system/bin/hid
28836	system/bin/hw/android.hidl.allocator@1.0-service
72916	system/bin/hwservicemanager
37212	system/bin/idmap
48	system/bin/ime
28984	system/bin/incident
130668	system/bin/incidentd
141064	system/bin/incident_helper
220	system/bin/input
233492	system/bin/installd
287268	system/bin/ip
300192	system/bin/ip6tables
291216	system/bin/iptables
2857	system/bin/iso
239308	system/bin/keystore
67144	system/bin/keystore_cli_v2
61	system/bin/launcher
508536	system/bin/ld.mc
20300	system/bin/ledctrld
1162276	system/bin/linker
32908	system/bin/lmkd
211	system/bin/locksettings
16036	system/bin/logcat
127732	system/bin/logd
24336	system/bin/logwrapper
16052	system/bin/lshal
49812	system/bin/make_f2fs
787472	system/bin/mdnsd
227	system/bin/media
24688	system/bin/mediadrmserver
20284	system/bin/mediaextractor
37724	system/bin/mediametrics
16152	system/bin/mediaserver
74200	system/bin/mke2fs
268	system/bin/monkey
28848	system/bin/mtpd
20804	system/bin/ndc
403404	system/bin/netd
50460	system/bin/netutils-wrapper-1.0
206032	system/bin/oatdump
137244	system/bin/otapreopt
58492	system/bin/otapreopt_chroot
2416	system/bin/otapreopt_script
1420	system/bin/otapreopt_slot
62940	system/bin/patchoat
183408	system/bin/perfetto
41708	system/bin/ping
46352	system/bin/ping6
34	system/bin/pm
185532	system/bin/pppd
184	system/bin/preinstall_cleanup.sh
20236	system/bin/preopt2cachename
84292	system/bin/profman
24740	system/bin/projectorfanpid
193712	system/bin/racoon
16032	system/bin/reboot
205	system/bin/requestsync
57828	system/bin/resize2fs
20196	system/bin/run-as
16020	system/bin/schedtest
20268	system/bin/screencap
112528	system/bin/screenrecord
33476	system/bin/sdcard
24568	system/bin/secdiscard
235372	system/bin/secilc
16096	system/bin/sensorservice
32900	system/bin/service
24848	system/bin/servicemanager
35	system/bin/settings
120308	system/bin/sgdisk
236228	system/bin/sh
122204	system/bin/sload_f2fs
207	system/bin/sm
427056	system/bin/statsd
176532	system/bin/storaged
130888	system/bin/stressapptest
16020	system/bin/stty3-read
16028	system/bin/stty3-write
33700	system/bin/surfaceflinger
209	system/bin/svc
16008	system/bin/switchapp
96528	system/bin/tc
189	system/bin/telecom
33556	system/bin/thermalserviced
20296	system/bin/tinymix
20116	system/bin/tinypcminfo
20196	system/bin/tinyplay
142360	system/bin/tombstoned
95548	system/bin/toolbox
348520	system/bin/toybox
16004	system/bin/traced
16004	system/bin/traced_probes
57548	system/bin/tune2fs
28672	system/bin/tzdatacheck
4173	system/bin/uiautomator
116440	system/bin/uncrypt
24608	system/bin/unzip
647460	system/bin/update_engine
46684	system/bin/update_engine_client
37632	system/bin/update_verifier
20208	system/bin/usbd
46808	system/bin/vdc
20220	system/bin/vendor_storage
600940	system/bin/vold
33224	system/bin/vold_prepare_subdirs
169	system/bin/vr
29084	system/bin/wait_for_keymaster
208	system/bin/whtest.sh
323836	system/bin/wificond
33	system/bin/wm
2445	system/build.prop
89155	system/compatibility_matrix.xml
561	system/etc/alarm_filter.xml
5668	system/etc/audio_effects.conf
2618	system/etc/bluetooth/bt_did.conf
1952	system/etc/bluetooth/bt_stack.conf
77251	system/etc/boot-image.prof
6856	system/etc/bpf/bpf_kern.o
1045	system/etc/clatd.conf
6062	system/etc/dirty-image-objects
24398	system/etc/event-log-tags
29926	system/etc/fonts.xml
0	system/etc/fs_config_dirs
352	system/etc/fs_config_files
56	system/etc/hosts
117	system/etc/init/android.hidl.allocator@1.0-service.rc
7940	system/etc/init/atrace.rc
635	system/etc/init/audioserver.rc
113	system/etc/init/blank_screen.rc
174	system/etc/init/bootanim.rc
4085	system/etc/init/bootstat.rc
205	system/etc/init/cameraserver.rc
1420	system/etc/init/cppreopts.rc
146	system/etc/init/drmserver.rc
624	system/etc/init/dumpstate.rc
152	system/etc/init/gatekeeperd.rc
94	system/etc/init/healthd.rc
334	system/etc/init/hwservicemanager.rc
851	system/etc/init/incidentd.rc
4674	system/etc/init/installd.rc
172	system/etc/init/keystore.rc
176	system/etc/init/lmkd.rc
596	system/etc/init/logd.rc
142	system/etc/init/mdnsd.rc
158	system/etc/init/mediadrmserver.rc
166	system/etc/init/mediaextractor.rc
178	system/etc/init/mediametrics.rc
230	system/etc/init/mediaserver.rc
178	system/etc/init/mtpd.rc
277	system/etc/init/netd.rc
587	system/etc/init/otapreopt.rc
2125	system/etc/init/perfetto.rc
230	system/etc/init/racoon.rc
520	system/etc/init/servicemanager.rc
999	system/etc/init/statsd.rc
225	system/etc/init/storaged.rc
559	system/etc/init/surfaceflinger.rc
99	system/etc/init/thermalservice.rc
399	system/etc/init/tombstoned.rc
390	system/etc/init/uncrypt.rc
286	system/etc/init/update_engine.rc
287	system/etc/init/update_verifier.rc
103	system/etc/init/usbd.rc
525	system/etc/init/vdc.rc
321	system/etc/init/vold.rc
127	system/etc/init/wait_for_keymaster.rc
135	system/etc/init/wificond.rc
3577	system/etc/init/wifi-events.rc
24958	system/etc/ld.config.28.txt
253	system/etc/llndk.libraries.28.txt
2727	system/etc/media_profiles_V1_0.dtd
1178	system/etc/mke2fs.conf
375	system/etc/mkshrc
882	system/etc/nano/asm.nanorc
567	system/etc/nano/autoconf.nanorc
1342	system/etc/nano/awk.nanorc
712	system/etc/nano/changelog.nanorc
788	system/etc/nano/cmake.nanorc
1886	system/etc/nano/c.nanorc
344	system/etc/nano/css.nanorc
757	system/etc/nano/debian.nanorc
414	system/etc/nano/default.nanorc
1108	system/etc/nano/elisp.nanorc
1967	system/etc/nano/fortran.nanorc
4226	system/etc/nano/gentoo.nanorc
1317	system/etc/nano/go.nanorc
710	system/etc/nano/groff.nanorc
587	system/etc/nano/guile.nanorc
1211	system/etc/nano/html.nanorc
653	system/etc/nano/java.nanorc
763	system/etc/nano/javascript.nanorc
878	system/etc/nano/json.nanorc
2459	system/etc/nano/lua.nanorc
535	system/etc/nano/makefile.nanorc
728	system/etc/nano/man.nanorc
198	system/etc/nano/mgp.nanorc
185	system/etc/nano/mutt.nanorc
388	system/etc/nano/nanohelp.nanorc
7396	system/etc/nano/nanorc
2840	system/etc/nano/nanorc.nanorc
791	system/etc/nano/nftables.nanorc
1696	system/etc/nano/objc.nanorc
859	system/etc/nano/ocaml.nanorc
590	system/etc/nano/patch.nanorc
1457	system/etc/nano/perl.nanorc
1070	system/etc/nano/php.nanorc
952	system/etc/nano/po.nanorc
3046	system/etc/nano/postgresql.nanorc
632	system/etc/nano/pov.nanorc
1225	system/etc/nano/python.nanorc
1506	system/etc/nano/ruby.nanorc
1116	system/etc/nano/rust.nanorc
1489	system/etc/nano/sh.nanorc
1924	system/etc/nano/spec.nanorc
2000	system/etc/nano/tcl.nanorc
463	system/etc/nano/texinfo.nanorc
200	system/etc/nano/tex.nanorc
527	system/etc/nano/xml.nanorc
177245	system/etc/NOTICE.xml.gz
1050	system/etc/permissions/android.software.live_wallpaper.xml
748	system/etc/permissions/android.software.webview.xml
828	system/etc/permissions/com.android.location.provider.xml
820	system/etc/permissions/com.android.mediadrm.signer.xml
828	system/etc/permissions/com.android.media.remotedisplay.xml
10323	system/etc/permissions/platform.xml
23162	system/etc/permissions/privapp-permissions-platform.xml
16020	system/etc/ppp/ip-up-vpn
610	system/etc/preferred-apps/preferred-activities-home.xml
257506	system/etc/preloaded-classes
928	system/etc/prop.default
432	system/etc/public.libraries.txt
522	system/etc/seccomp_policy/crash_dump.arm.policy
1149	system/etc/seccomp_policy/mediacodec.policy
722	system/etc/seccomp_policy/mediaextractor.policy
2871	system/etc/security/cacerts/01419da9.0
2914	system/etc/security/cacerts/04f60c28.0
2345	system/etc/security/cacerts/0d69c7e1.0
4622	system/etc/security/cacerts/10531352.0
4724	system/etc/security/cacerts/111e6273.0
4308	system/etc/security/cacerts/12d55845.0
2599	system/etc/security/cacerts/1ae85e5e.0
4931	system/etc/security/cacerts/1df5a75f.0
4535	system/etc/security/cacerts/1e1eab7c.0
4340	system/etc/security/cacerts/1e8e7201.0
8407	system/etc/security/cacerts/1eb37bdf.0
7084	system/etc/security/cacerts/1f58a078.0
4720	system/etc/security/cacerts/219d9499.0
4755	system/etc/security/cacerts/23f4c490.0
2998	system/etc/security/cacerts/27af790d.0
2679	system/etc/security/cacerts/2add47b6.0
7024	system/etc/security/cacerts/2d9dafe4.0
4737	system/etc/security/cacerts/2fa87019.0
7942	system/etc/security/cacerts/302904dd.0
7018	system/etc/security/cacerts/304d27c3.0
4896	system/etc/security/cacerts/31188b5e.0
7450	system/etc/security/cacerts/33ee480d.0
4675	system/etc/security/cacerts/343eb6cb.0
7345	system/etc/security/cacerts/35105088.0
4636	system/etc/security/cacerts/399e7759.0
4369	system/etc/security/cacerts/3ad48a91.0
7089	system/etc/security/cacerts/3c6676aa.0
7434	system/etc/security/cacerts/3c860d51.0
2876	system/etc/security/cacerts/3c899c73.0
8650	system/etc/security/cacerts/3c9a4d3b.0
4786	system/etc/security/cacerts/3e7271e8.0
5005	system/etc/security/cacerts/40dc992e.0
4825	system/etc/security/cacerts/455f1b52.0
7461	system/etc/security/cacerts/48a195d8.0
7090	system/etc/security/cacerts/4be590e0.0
7447	system/etc/security/cacerts/5046c355.0
5173	system/etc/security/cacerts/524d9b43.0
7084	system/etc/security/cacerts/52b525c7.0
7482	system/etc/security/cacerts/583d0756.0
7097	system/etc/security/cacerts/5a250ea7.0
4842	system/etc/security/cacerts/5a3f0ff8.0
2628	system/etc/security/cacerts/5acf816d.0
6039	system/etc/security/cacerts/5cf9d536.0
7364	system/etc/security/cacerts/5f47b495.0
4834	system/etc/security/cacerts/60afe812.0
7102	system/etc/security/cacerts/6187b673.0
6987	system/etc/security/cacerts/63a2c897.0
4656	system/etc/security/cacerts/69105f4f.0
2634	system/etc/security/cacerts/6b03dec0.0
4899	system/etc/security/cacerts/75680d2e.0
4987	system/etc/security/cacerts/76579174.0
3033	system/etc/security/cacerts/7892ad52.0
2268	system/etc/security/cacerts/7a7c655d.0
7354	system/etc/security/cacerts/7a819ef2.0
4899	system/etc/security/cacerts/7c302982.0
4687	system/etc/security/cacerts/81b9768f.0
7024	system/etc/security/cacerts/82223c44.0
2668	system/etc/security/cacerts/83e9984f.0
4579	system/etc/security/cacerts/85cde254.0
4289	system/etc/security/cacerts/86212b19.0
2684	system/etc/security/cacerts/869fbf79.0
4270	system/etc/security/cacerts/882de061.0
3012	system/etc/security/cacerts/88950faa.0
2900	system/etc/security/cacerts/89c02a45.0
4487	system/etc/security/cacerts/8d6437c3.0
7253	system/etc/security/cacerts/9282e51c.0
8010	system/etc/security/cacerts/9339512a.0
3008	system/etc/security/cacerts/9479c8c3.0
7066	system/etc/security/cacerts/9576d26b.0
7302	system/etc/security/cacerts/9591a472.0
4519	system/etc/security/cacerts/95aff9e3.0
4158	system/etc/security/cacerts/9685a493.0
7254	system/etc/security/cacerts/985c1f52.0
2938	system/etc/security/cacerts/9aef356c.0
7231	system/etc/security/cacerts/9d6523ce.0
8392	system/etc/security/cacerts/9f533518.0
7196	system/etc/security/cacerts/a2c66da8.0
4292	system/etc/security/cacerts/a3896b44.0
4131	system/etc/security/cacerts/a7605362.0
4403	system/etc/security/cacerts/a81e292b.0
7005	system/etc/security/cacerts/a9d40e02.0
4341	system/etc/security/cacerts/ab5346f4.0
7181	system/etc/security/cacerts/ab59055e.0
5683	system/etc/security/cacerts/aeb67534.0
6871	system/etc/security/cacerts/b0ed035a.0
4376	system/etc/security/cacerts/b0f3e76e.0
3153	system/etc/security/cacerts/b3fb433b.0
2766	system/etc/security/cacerts/b74d2bd5.0
4363	system/etc/security/cacerts/b7db1890.0
4574	system/etc/security/cacerts/b872f2b4.0
7230	system/etc/security/cacerts/b936d1c6.0
4523	system/etc/security/cacerts/bc3f2570.0
7416	system/etc/security/cacerts/bd43e1dd.0
4726	system/etc/security/cacerts/bdacca6f.0
5237	system/etc/security/cacerts/bf64f35b.0
4863	system/etc/security/cacerts/c2c1704e.0
2777	system/etc/security/cacerts/c491639e.0
4394	system/etc/security/cacerts/c51c224c.0
7062	system/etc/security/cacerts/c559d742.0
4467	system/etc/security/cacerts/c90bc37d.0
7725	system/etc/security/cacerts/cb156124.0
7327	system/etc/security/cacerts/cb1c3204.0
2589	system/etc/security/cacerts/ccc52f49.0
4718	system/etc/security/cacerts/cf701eeb.0
4535	system/etc/security/cacerts/d06393bb.0
7628	system/etc/security/cacerts/d0cddf45.0
7547	system/etc/security/cacerts/d16a5865.0
7076	system/etc/security/cacerts/d18e9066.0
7240	system/etc/security/cacerts/d39b0a2c.0
2599	system/etc/security/cacerts/d41b5e2a.0
7331	system/etc/security/cacerts/d4c339cb.0
4367	system/etc/security/cacerts/d59297b8.0
4965	system/etc/security/cacerts/d7746a63.0
7081	system/etc/security/cacerts/da7377f6.0
7007	system/etc/security/cacerts/dbc54cab.0
4371	system/etc/security/cacerts/dbff3a01.0
7426	system/etc/security/cacerts/dc99f41e.0
4590	system/etc/security/cacerts/dfc0fe80.0
7084	system/etc/security/cacerts/e442e424.0
4293	system/etc/security/cacerts/e48193cf.0
4862	system/etc/security/cacerts/e8651083.0
2760	system/etc/security/cacerts/ed39abd0.0
7329	system/etc/security/cacerts/edcbddb5.0
7062	system/etc/security/cacerts/f013ecaf.0
7605	system/etc/security/cacerts/f0cd152c.0
4450	system/etc/security/cacerts/f459871d.0
7030	system/etc/security/cacerts/fb5fa911.0
4302	system/etc/security/cacerts/fd08c599.0
4694	system/etc/security/cacerts/fde84897.0
4767	system/etc/security/cacerts_google/00673b5b.0
4919	system/etc/security/cacerts_google/02b73561.0
2877	system/etc/security/cacerts_google/04f60c28.0
4836	system/etc/security/cacerts_google/052e396b.0
2308	system/etc/security/cacerts_google/0d69c7e1.0
4716	system/etc/security/cacerts_google/111e6273.0
4927	system/etc/security/cacerts_google/124bbd54.0
4332	system/etc/security/cacerts_google/1e8e7201.0
4712	system/etc/security/cacerts_google/219d9499.0
4747	system/etc/security/cacerts_google/23f4c490.0
2961	system/etc/security/cacerts_google/27af790d.0
2642	system/etc/security/cacerts_google/2add47b6.0
5189	system/etc/security/cacerts_google/2afc57aa.0
4667	system/etc/security/cacerts_google/343eb6cb.0
7337	system/etc/security/cacerts_google/35105088.0
4628	system/etc/security/cacerts_google/399e7759.0
4361	system/etc/security/cacerts_google/3ad48a91.0
4892	system/etc/security/cacerts_google/3c58f906.0
4978	system/etc/security/cacerts_google/3e7271e8.0
4817	system/etc/security/cacerts_google/455f1b52.0
5106	system/etc/security/cacerts_google/4fbd6bfa.0
4731	system/etc/security/cacerts_google/5021a0a2.0
5165	system/etc/security/cacerts_google/524d9b43.0
4433	system/etc/security/cacerts_google/57692373.0
3647	system/etc/security/cacerts_google/594f1775.0
4834	system/etc/security/cacerts_google/5a3f0ff8.0
3491	system/etc/security/cacerts_google/5e4e69e7.0
4793	system/etc/security/cacerts_google/67495436.0
4648	system/etc/security/cacerts_google/69105f4f.0
4891	system/etc/security/cacerts_google/75680d2e.0
4312	system/etc/security/cacerts_google/7999be0d.0
4524	system/etc/security/cacerts_google/7d453d8f.0
4679	system/etc/security/cacerts_google/81b9768f.0
4571	system/etc/security/cacerts_google/85cde254.0
4281	system/etc/security/cacerts_google/86212b19.0
7170	system/etc/security/cacerts_google/87753b0d.0
2863	system/etc/security/cacerts_google/89c02a45.0
4479	system/etc/security/cacerts_google/8d6437c3.0
4405	system/etc/security/cacerts_google/9772ca32.0
7188	system/etc/security/cacerts_google/a2c66da8.0
4814	system/etc/security/cacerts_google/a2df7ad7.0
2878	system/etc/security/cacerts_google/a7d2cf64.0
4368	system/etc/security/cacerts_google/b0f3e76e.0
3116	system/etc/security/cacerts_google/b3fb433b.0
4515	system/etc/security/cacerts_google/bc3f2570.0
5229	system/etc/security/cacerts_google/bf64f35b.0
2740	system/etc/security/cacerts_google/c491639e.0
4524	system/etc/security/cacerts_google/c527e4ab.0
4700	system/etc/security/cacerts_google/c7e2a638.0
4459	system/etc/security/cacerts_google/c90bc37d.0
2552	system/etc/security/cacerts_google/ccc52f49.0
7323	system/etc/security/cacerts_google/d4c339cb.0
6999	system/etc/security/cacerts_google/dbc54cab.0
4821	system/etc/security/cacerts_google/e268a4c5.0
4285	system/etc/security/cacerts_google/e48193cf.0
7162	system/etc/security/cacerts_google/e775ed2d.0
2723	system/etc/security/cacerts_google/ed39abd0.0
5219	system/etc/security/cacerts_google/facacbc6.0
5136	system/etc/security/cacerts_google/ff783690.0
7096	system/etc/security/cacerts_wfa/21125ccd.0
7060	system/etc/security/cacerts_wfa/674b5f5b.0
7115	system/etc/security/cacerts_wfa/ea93cb5b.0
1172	system/etc/security/otacerts.zip
42172	system/etc/selinux/mapping/26.0.cil
79112	system/etc/selinux/mapping/27.0.cil
125200	system/etc/selinux/mapping/28.0.cil
65	system/etc/selinux/plat_and_mapping_sepolicy.cil.sha256
23840	system/etc/selinux/plat_file_contexts
7212	system/etc/selinux/plat_hwservice_contexts
4382	system/etc/selinux/plat_mac_permissions.xml
32022	system/etc/selinux/plat_property_contexts
1315	system/etc/selinux/plat_seapp_contexts
1036555	system/etc/selinux/plat_sepolicy.cil
14156	system/etc/selinux/plat_service_contexts
0	system/etc/sepolicy_freeze_test
0	system/etc/sepolicy_tests
1757	system/etc/sysconfig/framework-sysconfig.xml
3360	system/etc/sysconfig/hiddenapi-package-whitelist.xml
1481	system/etc/terminfo/a/ansi
1502	system/etc/terminfo/c/cons25
1518	system/etc/terminfo/c/cygwin
308	system/etc/terminfo/d/dumb
2267	system/etc/terminfo/E/Eterm
2267	system/etc/terminfo/E/Eterm-color
1580	system/etc/terminfo/h/hurd
1780	system/etc/terminfo/l/linux
617	system/etc/terminfo/m/mach
652	system/etc/terminfo/m/mach-bold
1095	system/etc/terminfo/m/mach-color
1198	system/etc/terminfo/p/pcansi
2285	system/etc/terminfo/r/rxvt
2145	system/etc/terminfo/r/rxvt-basic
1587	system/etc/terminfo/s/screen
1912	system/etc/terminfo/s/screen-256color
1924	system/etc/terminfo/s/screen-256color-bce
1590	system/etc/terminfo/s/screen-bce
1612	system/etc/terminfo/s/screen-s
1594	system/etc/terminfo/s/screen-w
1004	system/etc/terminfo/s/sun
1194	system/etc/terminfo/v/vt100
1188	system/etc/terminfo/v/vt102
1380	system/etc/terminfo/v/vt220
470	system/etc/terminfo/v/vt52
1600	system/etc/terminfo/w/wsvt25
1610	system/etc/terminfo/w/wsvt25m
3412	system/etc/terminfo/x/xterm
3462	system/etc/terminfo/x/xterm-256color
1551	system/etc/terminfo/x/xterm-color
1301	system/etc/terminfo/x/xterm-r5
1491	system/etc/terminfo/x/xterm-r6
2026	system/etc/terminfo/x/xterm-vt220
2240	system/etc/terminfo/x/xterm-xfree86
599704	system/etc/textclassifier/textclassifier.en.model
218748	system/etc/textclassifier/textclassifier.universal.model
0	system/etc/treble_sepolicy_tests_26.0
0	system/etc/treble_sepolicy_tests_27.0
451	system/etc/update_engine/update-payload-key.pub.pem
3350	system/etc/vimrc
71792	system/etc/vintf/compatibility_matrix.1.xml
74015	system/etc/vintf/compatibility_matrix.2.xml
88696	system/etc/vintf/compatibility_matrix.3.xml
446	system/etc/vintf/compatibility_matrix.device.xml
71801	system/etc/vintf/compatibility_matrix.legacy.xml
3901	system/etc/vintf/manifest.xml
628	system/etc/vndksp.libraries.28.txt
284	system/etc/wake_lock_filter.xml
0	system/etc/xtables.lock
15136	system/fake-libs/libart.so
4540	system/fonts/AndroidClock.ttf
40308	system/fonts/CarroisGothicSC-Regular.ttf
59136	system/fonts/ComingSoon.ttf
69180	system/fonts/CutiveMono.ttf
115568	system/fonts/DancingScript-Bold.ttf
116580	system/fonts/DancingScript-Regular.ttf
108128	system/fonts/DroidSansMono.ttf
7789008	system/fonts/NotoColorEmoji.ttf
115784	system/fonts/NotoNaskhArabic-Bold.ttf
116716	system/fonts/NotoNaskhArabic-Regular.ttf
119356	system/fonts/NotoNaskhArabicUI-Bold.ttf
120800	system/fonts/NotoNaskhArabicUI-Regular.ttf
50720	system/fonts/NotoSansAdlam-Regular.ttf
13852	system/fonts/NotoSansAhom-Regular.otf
134908	system/fonts/NotoSansAnatolianHieroglyphs-Regular.otf
15856	system/fonts/NotoSansArmenian-Bold.ttf
15940	system/fonts/NotoSansArmenian-Regular.ttf
11852	system/fonts/NotoSansAvestan-Regular.ttf
32084	system/fonts/NotoSansBalinese-Regular.ttf
133732	system/fonts/NotoSansBamum-Regular.ttf
6332	system/fonts/NotoSansBassaVah-Regular.otf
12808	system/fonts/NotoSansBatak-Regular.ttf
98520	system/fonts/NotoSansBengali-Bold.ttf
101724	system/fonts/NotoSansBengali-Regular.ttf
103956	system/fonts/NotoSansBengaliUI-Bold.ttf
107056	system/fonts/NotoSansBengaliUI-Regular.ttf
100344	system/fonts/NotoSansBhaiksuki-Regular.otf
23652	system/fonts/NotoSansBrahmi-Regular.ttf
7844	system/fonts/NotoSansBuginese-Regular.ttf
4896	system/fonts/NotoSansBuhid-Regular.ttf
46420	system/fonts/NotoSansCanadianAboriginal-Regular.ttf
6260	system/fonts/NotoSansCarian-Regular.ttf
34216	system/fonts/NotoSansChakma-Regular.ttf
22272	system/fonts/NotoSansCham-Bold.ttf
22264	system/fonts/NotoSansCham-Regular.ttf
58168	system/fonts/NotoSansCherokee-Regular.ttf
18674044	system/fonts/NotoSansCJK-Regular.ttc
21984	system/fonts/NotoSansCoptic-Regular.ttf
500380	system/fonts/NotoSansCuneiform-Regular.ttf
7980	system/fonts/NotoSansCypriot-Regular.ttf
10512	system/fonts/NotoSansDeseret-Regular.ttf
131672	system/fonts/NotoSansDevanagari-Bold.ttf
135908	system/fonts/NotoSansDevanagari-Regular.ttf
120864	system/fonts/NotoSansDevanagariUI-Bold.ttf
125124	system/fonts/NotoSansDevanagariUI-Regular.ttf
505436	system/fonts/NotoSansEgyptianHieroglyphs-Regular.ttf
8788	system/fonts/NotoSansElbasan-Regular.otf
143364	system/fonts/NotoSansEthiopic-Bold.ttf
143228	system/fonts/NotoSansEthiopic-Regular.ttf
20100	system/fonts/NotoSansGeorgian-Bold.ttf
20144	system/fonts/NotoSansGeorgian-Regular.ttf
15676	system/fonts/NotoSansGlagolitic-Regular.ttf
6032	system/fonts/NotoSansGothic-Regular.ttf
117020	system/fonts/NotoSansGujarati-Bold.ttf
120040	system/fonts/NotoSansGujarati-Regular.ttf
114312	system/fonts/NotoSansGujaratiUI-Bold.ttf
117380	system/fonts/NotoSansGujaratiUI-Regular.ttf
31620	system/fonts/NotoSansGurmukhi-Bold.ttf
31780	system/fonts/NotoSansGurmukhi-Regular.ttf
32380	system/fonts/NotoSansGurmukhiUI-Bold.ttf
32132	system/fonts/NotoSansGurmukhiUI-Regular.ttf
6768	system/fonts/NotoSansHanunoo-Regular.ttf
4388	system/fonts/NotoSansHatran-Regular.otf
17540	system/fonts/NotoSansHebrew-Bold.ttf
17352	system/fonts/NotoSansHebrew-Regular.ttf
5632	system/fonts/NotoSansImperialAramaic-Regular.ttf
5668	system/fonts/NotoSansInscriptionalPahlavi-Regular.ttf
7508	system/fonts/NotoSansInscriptionalParthian-Regular.ttf
37620	system/fonts/NotoSansJavanese-Regular.ttf
59452	system/fonts/NotoSansKaithi-Regular.ttf
80852	system/fonts/NotoSansKannada-Bold.ttf
82152	system/fonts/NotoSansKannada-Regular.ttf
79584	system/fonts/NotoSansKannadaUI-Bold.ttf
81092	system/fonts/NotoSansKannadaUI-Regular.ttf
8024	system/fonts/NotoSansKayahLi-Regular.ttf
21860	system/fonts/NotoSansKharoshthi-Regular.ttf
36216	system/fonts/NotoSansKhmerUI-Bold.ttf
37932	system/fonts/NotoSansKhmerUI-Regular.ttf
143484	system/fonts/NotoSansKhmer-VF.ttf
29176	system/fonts/NotoSansLao-Bold.ttf
30564	system/fonts/NotoSansLao-Regular.ttf
29228	system/fonts/NotoSansLaoUI-Bold.ttf
30568	system/fonts/NotoSansLaoUI-Regular.ttf
102060	system/fonts/NotoSansLepcha-Regular.ttf
11100	system/fonts/NotoSansLimbu-Regular.ttf
33916	system/fonts/NotoSansLinearA-Regular.otf
57936	system/fonts/NotoSansLinearB-Regular.ttf
5676	system/fonts/NotoSansLisu-Regular.ttf
4308	system/fonts/NotoSansLycian-Regular.ttf
4268	system/fonts/NotoSansLydian-Regular.ttf
56684	system/fonts/NotoSansMalayalam-Bold.ttf
56796	system/fonts/NotoSansMalayalam-Regular.ttf
56764	system/fonts/NotoSansMalayalamUI-Bold.ttf
56860	system/fonts/NotoSansMalayalamUI-Regular.ttf
15328	system/fonts/NotoSansMandaic-Regular.ttf
16608	system/fonts/NotoSansManichaean-Regular.otf
63992	system/fonts/NotoSansMarchen-Regular.otf
13940	system/fonts/NotoSansMeeteiMayek-Regular.ttf
20064	system/fonts/NotoSansMeroitic-Regular.otf
22908	system/fonts/NotoSansMiao-Regular.otf
113656	system/fonts/NotoSansMongolian-Regular.ttf
5680	system/fonts/NotoSansMro-Regular.otf
7808	system/fonts/NotoSansMultani-Regular.otf
108876	system/fonts/NotoSansMyanmar-Bold.ttf
108160	system/fonts/NotoSansMyanmar-Regular.ttf
104484	system/fonts/NotoSansMyanmarUI-Bold.ttf
102592	system/fonts/NotoSansMyanmarUI-Regular.ttf
6624	system/fonts/NotoSansNabataean-Regular.otf
66132	system/fonts/NotoSansNewa-Regular.otf
14908	system/fonts/NotoSansNewTaiLue-Regular.ttf
18716	system/fonts/NotoSansNKo-Regular.ttf
4464	system/fonts/NotoSansOgham-Regular.ttf
7628	system/fonts/NotoSansOlChiki-Regular.ttf
5000	system/fonts/NotoSansOldItalic-Regular.ttf
6276	system/fonts/NotoSansOldNorthArabian-Regular.otf
8628	system/fonts/NotoSansOldPermic-Regular.otf
12420	system/fonts/NotoSansOldPersian-Regular.ttf
4724	system/fonts/NotoSansOldSouthArabian-Regular.ttf
7856	system/fonts/NotoSansOldTurkic-Regular.ttf
84624	system/fonts/NotoSansOriya-Bold.ttf
85224	system/fonts/NotoSansOriya-Regular.ttf
80180	system/fonts/NotoSansOriyaUI-Bold.ttf
80728	system/fonts/NotoSansOriyaUI-Regular.ttf
10556	system/fonts/NotoSansOsage-Regular.ttf
7472	system/fonts/NotoSansOsmanya-Regular.ttf
13228	system/fonts/NotoSansPahawhHmong-Regular.otf
8604	system/fonts/NotoSansPalmyrene-Regular.otf
8204	system/fonts/NotoSansPauCinHau-Regular.otf
28404	system/fonts/NotoSansPhagsPa-Regular.ttf
5404	system/fonts/NotoSansPhoenician-Regular.ttf
6476	system/fonts/NotoSansRejang-Regular.ttf
8528	system/fonts/NotoSansRunic-Regular.ttf
9772	system/fonts/NotoSansSamaritan-Regular.ttf
18720	system/fonts/NotoSansSaurashtra-Regular.ttf
27752	system/fonts/NotoSansSharada-Regular.otf
6020	system/fonts/NotoSansShavian-Regular.ttf
153488	system/fonts/NotoSansSinhala-Bold.ttf
159756	system/fonts/NotoSansSinhala-Regular.ttf
84464	system/fonts/NotoSansSinhalaUI-Bold.otf
84100	system/fonts/NotoSansSinhalaUI-Regular.otf
6388	system/fonts/NotoSansSoraSompeng-Regular.otf
10356	system/fonts/NotoSansSundanese-Regular.ttf
14904	system/fonts/NotoSansSylotiNagri-Regular.ttf
32932	system/fonts/NotoSansSymbols-Regular-Subsetted2.ttf
709192	system/fonts/NotoSansSymbols-Regular-Subsetted.ttf
50164	system/fonts/NotoSansSyriacEastern-Regular.ttf
46396	system/fonts/NotoSansSyriacEstrangela-Regular.ttf
52380	system/fonts/NotoSansSyriacWestern-Regular.ttf
5640	system/fonts/NotoSansTagalog-Regular.ttf
5596	system/fonts/NotoSansTagbanwa-Regular.ttf
10012	system/fonts/NotoSansTaiLe-Regular.ttf
48064	system/fonts/NotoSansTaiTham-Regular.ttf
15852	system/fonts/NotoSansTaiViet-Regular.ttf
34344	system/fonts/NotoSansTamil-Bold.ttf
34236	system/fonts/NotoSansTamil-Regular.ttf
34372	system/fonts/NotoSansTamilUI-Bold.ttf
34252	system/fonts/NotoSansTamilUI-Regular.ttf
110460	system/fonts/NotoSansTelugu-Bold.ttf
110700	system/fonts/NotoSansTelugu-Regular.ttf
111716	system/fonts/NotoSansTeluguUI-Bold.ttf
111976	system/fonts/NotoSansTeluguUI-Regular.ttf
14504	system/fonts/NotoSansThaana-Bold.ttf
14412	system/fonts/NotoSansThaana-Regular.ttf
18336	system/fonts/NotoSansThai-Bold.ttf
21380	system/fonts/NotoSansThai-Regular.ttf
19000	system/fonts/NotoSansThaiUI-Bold.ttf
22024	system/fonts/NotoSansThaiUI-Regular.ttf
373120	system/fonts/NotoSansTibetan-Bold.ttf
401764	system/fonts/NotoSansTibetan-Regular.ttf
13552	system/fonts/NotoSansTifinagh-Regular.ttf
6772	system/fonts/NotoSansUgaritic-Regular.ttf
64292	system/fonts/NotoSansVai-Regular.ttf
122904	system/fonts/NotoSansYi-Regular.ttf
14676	system/fonts/NotoSerifArmenian-Bold.ttf
15532	system/fonts/NotoSerifArmenian-Regular.ttf
117136	system/fonts/NotoSerifBengali-Bold.ttf
118356	system/fonts/NotoSerifBengali-Regular.ttf
263080	system/fonts/NotoSerif-BoldItalic.ttf
247892	system/fonts/NotoSerif-Bold.ttf
24757472	system/fonts/NotoSerifCJK-Regular.ttc
79112	system/fonts/NotoSerifDevanagari-Bold.ttf
78420	system/fonts/NotoSerifDevanagari-Regular.ttf
128612	system/fonts/NotoSerifEthiopic-Bold.otf
112600	system/fonts/NotoSerifEthiopic-Regular.otf
22244	system/fonts/NotoSerifGeorgian-Bold.ttf
22496	system/fonts/NotoSerifGeorgian-Regular.ttf
63944	system/fonts/NotoSerifGujarati-Bold.ttf
65156	system/fonts/NotoSerifGujarati-Regular.ttf
29564	system/fonts/NotoSerifGurmukhi-Bold.otf
27584	system/fonts/NotoSerifGurmukhi-Regular.otf
17208	system/fonts/NotoSerifHebrew-Bold.ttf
17120	system/fonts/NotoSerifHebrew-Regular.ttf
249748	system/fonts/NotoSerif-Italic.ttf
90792	system/fonts/NotoSerifKannada-Bold.ttf
92644	system/fonts/NotoSerifKannada-Regular.ttf
48076	system/fonts/NotoSerifKhmer-Bold.otf
40688	system/fonts/NotoSerifKhmer-Regular.otf
30164	system/fonts/NotoSerifLao-Bold.ttf
30632	system/fonts/NotoSerifLao-Regular.ttf
49964	system/fonts/NotoSerifMalayalam-Bold.ttf
49636	system/fonts/NotoSerifMalayalam-Regular.ttf
136260	system/fonts/NotoSerifMyanmar-Bold.otf
137544	system/fonts/NotoSerifMyanmar-Regular.otf
246740	system/fonts/NotoSerif-Regular.ttf
85456	system/fonts/NotoSerifSinhala-Bold.otf
74676	system/fonts/NotoSerifSinhala-Regular.otf
33588	system/fonts/NotoSerifTamil-Bold.ttf
33480	system/fonts/NotoSerifTamil-Regular.ttf
150100	system/fonts/NotoSerifTelugu-Bold.ttf
151200	system/fonts/NotoSerifTelugu-Regular.ttf
18648	system/fonts/NotoSerifThai-Bold.ttf
19300	system/fonts/NotoSerifThai-Regular.ttf
330448	system/fonts/Roboto-BlackItalic.ttf
306428	system/fonts/Roboto-Black.ttf
332160	system/fonts/Roboto-BoldItalic.ttf
306940	system/fonts/Roboto-Bold.ttf
330504	system/fonts/RobotoCondensed-BoldItalic.ttf
303944	system/fonts/RobotoCondensed-Bold.ttf
329372	system/fonts/RobotoCondensed-Italic.ttf
332504	system/fonts/RobotoCondensed-LightItalic.ttf
302300	system/fonts/RobotoCondensed-Light.ttf
330348	system/fonts/RobotoCondensed-MediumItalic.ttf
303604	system/fonts/RobotoCondensed-Medium.ttf
300664	system/fonts/RobotoCondensed-Regular.ttf
328640	system/fonts/Roboto-Italic.ttf
332172	system/fonts/Roboto-LightItalic.ttf
307192	system/fonts/Roboto-Light.ttf
330796	system/fonts/Roboto-MediumItalic.ttf
306536	system/fonts/Roboto-Medium.ttf
305608	system/fonts/Roboto-Regular.ttf
329700	system/fonts/Roboto-ThinItalic.ttf
307664	system/fonts/Roboto-Thin.ttf
200	system/framework/am.jar
183	system/framework/android.hidl.base-V1.0-java.jar
183	system/framework/android.hidl.manager-V1.0-java.jar
183	system/framework/android.test.base.jar
183	system/framework/android.test.mock.jar
183	system/framework/android.test.runner.jar
17706	system/framework/apache-xml.jar
200	system/framework/appwidget.jar
16384	system/framework/arm/boot-android.hidl.base-V1.0-java.art
532	system/framework/arm/boot-android.hidl.base-V1.0-java.art.rel
25424	system/framework/arm/boot-android.hidl.base-V1.0-java.oat
28672	system/framework/arm/boot-android.hidl.manager-V1.0-java.art
1110	system/framework/arm/boot-android.hidl.manager-V1.0-java.art.rel
25908	system/framework/arm/boot-android.hidl.manager-V1.0-java.oat
24576	system/framework/arm/boot-android.test.base.art
631	system/framework/arm/boot-android.test.base.art.rel
25624	system/framework/arm/boot-android.test.base.oat
380928	system/framework/arm/boot-apache-xml.art
17750	system/framework/arm/boot-apache-xml.art.rel
149160	system/framework/arm/boot-apache-xml.oat
2359296	system/framework/arm/boot.art
221000	system/framework/arm/boot.art.rel
385024	system/framework/arm/boot-bouncycastle.art
25516	system/framework/arm/boot-bouncycastle.art.rel
321224	system/framework/arm/boot-bouncycastle.oat
217088	system/framework/arm/boot-conscrypt.art
16649	system/framework/arm/boot-conscrypt.art.rel
266048	system/framework/arm/boot-conscrypt.oat
1097728	system/framework/arm/boot-core-libart.art
88144	system/framework/arm/boot-core-libart.art.rel
1638756	system/framework/arm/boot-core-libart.oat
290816	system/framework/arm/boot-ext.art
16165	system/framework/arm/boot-ext.art.rel
158396	system/framework/arm/boot-ext.oat
8859648	system/framework/arm/boot-framework.art
808467	system/framework/arm/boot-framework.art.rel
12288	system/framework/arm/boot-framework-oahl-backward-compatibility.art
99	system/framework/arm/boot-framework-oahl-backward-compatibility.art.rel
25644	system/framework/arm/boot-framework-oahl-backward-compatibility.oat
13129944	system/framework/arm/boot-framework.oat
98304	system/framework/arm/boot-ims-common.art
6828	system/framework/arm/boot-ims-common.art.rel
98960	system/framework/arm/boot-ims-common.oat
4004192	system/framework/arm/boot.oat
200704	system/framework/arm/boot-okhttp.art
16256	system/framework/arm/boot-okhttp.art.rel
344000	system/framework/arm/boot-okhttp.oat
1007616	system/framework/arm/boot-telephony-common.art
78477	system/framework/arm/boot-telephony-common.art.rel
1768920	system/framework/arm/boot-telephony-common.oat
57344	system/framework/arm/boot-voip-common.art
2333	system/framework/arm/boot-voip-common.art.rel
26084	system/framework/arm/boot-voip-common.oat
200	system/framework/bmgr.jar
27252	system/framework/boot-android.hidl.base-V1.0-java.vdex
44228	system/framework/boot-android.hidl.manager-V1.0-java.vdex
32476	system/framework/boot-android.test.base.vdex
1187464	system/framework/boot-apache-xml.vdex
1315572	system/framework/boot-bouncycastle.vdex
396764	system/framework/boot-conscrypt.vdex
3111664	system/framework/boot-core-libart.vdex
959728	system/framework/boot-ext.vdex
1160	system/framework/boot-framework-oahl-backward-compatibility.vdex
20631956	system/framework/boot-framework.vdex
133304	system/framework/boot-ims-common.vdex
387488	system/framework/boot-okhttp.vdex
2952660	system/framework/boot-telephony-common.vdex
4709328	system/framework/boot.vdex
149684	system/framework/boot-voip-common.vdex
185	system/framework/bouncycastle.jar
200	system/framework/bu.jar
200	system/framework/com.android.future.usb.accessory.jar
200	system/framework/com.android.location.provider.jar
200	system/framework/com.android.mediadrm.signer.jar
200	system/framework/com.android.media.remotedisplay.jar
185	system/framework/conscrypt.jar
200	system/framework/content.jar
18667	system/framework/core-libart.jar
126391	system/framework/core-oj.jar
200	system/framework/dpm.jar
200	system/framework/ethernet-service.jar
1958901	system/framework/ext.jar
183	system/framework/framework.jar
183	system/framework/framework-oahl-backward-compatibility.jar
40861003	system/framework/framework-res.apk
200	system/framework/hid.jar
200	system/framework/ims-common.jar
200	system/framework/input.jar
200	system/framework/javax.obex.jar
200	system/framework/locksettings.jar
200	system/framework/media_cmd.jar
200	system/framework/monkey.jar
17120	system/framework/oat/arm/am.odex
20604	system/framework/oat/arm/am.vdex
17120	system/framework/oat/arm/android.test.mock.odex
43648	system/framework/oat/arm/android.test.mock.vdex
17120	system/framework/oat/arm/android.test.runner.odex
106224	system/framework/oat/arm/android.test.runner.vdex
17120	system/framework/oat/arm/appwidget.odex
5544	system/framework/oat/arm/appwidget.vdex
17120	system/framework/oat/arm/bmgr.odex
24660	system/framework/oat/arm/bmgr.vdex
17120	system/framework/oat/arm/bu.odex
6356	system/framework/oat/arm/bu.vdex
17120	system/framework/oat/arm/com.android.future.usb.accessory.odex
5244	system/framework/oat/arm/com.android.future.usb.accessory.vdex
35184	system/framework/oat/arm/com.android.location.provider.odex
17684	system/framework/oat/arm/com.android.location.provider.vdex
17116	system/framework/oat/arm/com.android.mediadrm.signer.odex
2664	system/framework/oat/arm/com.android.mediadrm.signer.vdex
17120	system/framework/oat/arm/com.android.media.remotedisplay.odex
9020	system/framework/oat/arm/com.android.media.remotedisplay.vdex
17120	system/framework/oat/arm/content.odex
19552	system/framework/oat/arm/content.vdex
17120	system/framework/oat/arm/dpm.odex
8396	system/framework/oat/arm/dpm.vdex
73688	system/framework/oat/arm/ethernet-service.odex
32468	system/framework/oat/arm/ethernet-service.vdex
21576	system/framework/oat/arm/hid.odex
15108	system/framework/oat/arm/hid.vdex
17120	system/framework/oat/arm/input.odex
9764	system/framework/oat/arm/input.vdex
17120	system/framework/oat/arm/javax.obex.odex
56392	system/framework/oat/arm/javax.obex.vdex
17116	system/framework/oat/arm/locksettings.odex
3532	system/framework/oat/arm/locksettings.vdex
17120	system/framework/oat/arm/media_cmd.odex
15772	system/framework/oat/arm/media_cmd.vdex
21216	system/framework/oat/arm/monkey.odex
118036	system/framework/oat/arm/monkey.vdex
344540	system/framework/oat/arm/org.apache.http.legacy.boot.odex
477384	system/framework/oat/arm/org.apache.http.legacy.boot.vdex
17120	system/framework/oat/arm/requestsync.odex
12668	system/framework/oat/arm/requestsync.vdex
913408	system/framework/oat/arm/services.art
21018508	system/framework/oat/arm/services.odex
9655764	system/framework/oat/arm/services.vdex
17120	system/framework/oat/arm/sm.odex
9796	system/framework/oat/arm/sm.vdex
17120	system/framework/oat/arm/svc.odex
10596	system/framework/oat/arm/svc.vdex
17120	system/framework/oat/arm/telecom.odex
8420	system/framework/oat/arm/telecom.vdex
25312	system/framework/oat/arm/uiautomator.odex
356776	system/framework/oat/arm/uiautomator.vdex
17120	system/framework/oat/arm/vr.odex
4372	system/framework/oat/arm/vr.vdex
4103944	system/framework/oat/arm/wifi-service.odex
2181540	system/framework/oat/arm/wifi-service.vdex
185	system/framework/okhttp.jar
200	system/framework/org.apache.http.legacy.boot.jar
1369	system/framework/org.apache.http.legacy.boot.jar.prof
200	system/framework/requestsync.jar
183	system/framework/services.jar
2836	system/framework/services.jar.prof
200	system/framework/sm.jar
200	system/framework/svc.jar
200	system/framework/telecom.jar
200	system/framework/telephony-common.jar
200	system/framework/uiautomator.jar
183	system/framework/voip-common.jar
200	system/framework/vr.jar
200	system/framework/wifi-service.jar
1131	system/framework/wifi-service.jar.prof
18528	system/lib64/libeecolorapi.so
6840	system/lib64/librockchipxxx.so
135628	system/lib/android.frameworks.displayservice@1.0.so
71544	system/lib/android.frameworks.schedulerservice@1.0.so
170812	system/lib/android.frameworks.sensorservice@1.0.so
102132	system/lib/android.frameworks.vr.composer@1.0.so
452916	system/lib/android.hardware.audio@2.0.so
482888	system/lib/android.hardware.audio@4.0.so
15888	system/lib/android.hardware.audio.common@2.0.so
20084	system/lib/android.hardware.audio.common@2.0-util.so
15888	system/lib/android.hardware.audio.common@4.0.so
20084	system/lib/android.hardware.audio.common@4.0-util.so
20252	system/lib/android.hardware.audio.common-util.so
902276	system/lib/android.hardware.audio.effect@2.0.so
897876	system/lib/android.hardware.audio.effect@4.0.so
105720	system/lib/android.hardware.bluetooth@1.0.so
106240	system/lib/android.hardware.bluetooth.a2dp@1.0.so
84524	system/lib/android.hardware.boot@1.0.so
192184	system/lib/android.hardware.broadcastradio@1.0.so
222420	system/lib/android.hardware.broadcastradio@1.1.so
15908	system/lib/android.hardware.camera.common@1.0.so
215692	system/lib/android.hardware.camera.device@1.0.so
161928	system/lib/android.hardware.camera.device@3.2.so
84816	system/lib/android.hardware.camera.device@3.3.so
131564	system/lib/android.hardware.camera.device@3.4.so
15864	system/lib/android.hardware.camera.metadata@3.2.so
118992	system/lib/android.hardware.camera.provider@2.4.so
178240	system/lib/android.hardware.cas@1.0.so
80156	system/lib/android.hardware.cas.native@1.0.so
101844	system/lib/android.hardware.configstore@1.0.so
93268	system/lib/android.hardware.configstore@1.1.so
20088	system/lib/android.hardware.configstore-utils.so
101568	system/lib/android.hardware.confirmationui@1.0.so
118476	system/lib/android.hardware.contexthub@1.0.so
273412	system/lib/android.hardware.drm@1.0.so
196628	system/lib/android.hardware.drm@1.1.so
67348	system/lib/android.hardware.dumpstate@1.0.so
80312	system/lib/android.hardware.gatekeeper@1.0.so
674572	system/lib/android.hardware.gnss@1.0.so
232936	system/lib/android.hardware.gnss@1.1.so
71876	system/lib/android.hardware.graphics.allocator@2.0.so
165796	system/lib/android.hardware.graphics.bufferqueue@1.0.so
15868	system/lib/android.hardware.graphics.common@1.0.so
15852	system/lib/android.hardware.graphics.common@1.1.so
196428	system/lib/android.hardware.graphics.composer@2.1.so
170872	system/lib/android.hardware.graphics.composer@2.2.so
80552	system/lib/android.hardware.graphics.mapper@2.0.so
84884	system/lib/android.hardware.graphics.mapper@2.1.so
76176	system/lib/android.hardware.health@1.0.so
127876	system/lib/android.hardware.health@2.0.so
71716	system/lib/android.hardware.ir@1.0.so
114808	system/lib/android.hardware.keymaster@3.0.so
131976	system/lib/android.hardware.keymaster@4.0.so
71652	system/lib/android.hardware.light@2.0.so
15884	system/lib/android.hardware.media@1.0.so
298968	system/lib/android.hardware.media.omx@1.0.so
67592	system/lib/android.hardware.memtrack@1.0.so
161840	system/lib/android.hardware.neuralnetworks@1.0.so
88776	system/lib/android.hardware.neuralnetworks@1.1.so
105672	system/lib/android.hardware.nfc@1.0.so
114308	system/lib/android.hardware.nfc@1.1.so
75920	system/lib/android.hardware.power@1.0.so
80308	system/lib/android.hardware.power@1.1.so
248960	system/lib/android.hardware.renderscript@1.0.so
93032	system/lib/android.hardware.sensors@1.0.so
122892	system/lib/android.hardware.soundtrigger@2.0.so
135392	system/lib/android.hardware.soundtrigger@2.1.so
71660	system/lib/android.hardware.tetheroffload.config@1.0.so
76100	system/lib/android.hardware.thermal@1.0.so
101936	system/lib/android.hardware.thermal@1.1.so
118852	system/lib/android.hardware.tv.cec@1.0.so
101956	system/lib/android.hardware.tv.input@1.0.so
101876	system/lib/android.hardware.usb.gadget@1.0.so
75928	system/lib/android.hardware.vibrator@1.0.so
76072	system/lib/android.hardware.vibrator@1.1.so
84408	system/lib/android.hardware.vibrator@1.2.so
67360	system/lib/android.hardware.vr@1.0.so
110752	system/lib/android.hardware.wifi.offload@1.0.so
71880	system/lib/android.hidl.allocator@1.0.so
101544	system/lib/android.hidl.memory@1.0.so
67544	system/lib/android.hidl.memory.token@1.0.so
75848	system/lib/android.hidl.token@1.0.so
20448	system/lib/android.hidl.token@1.0-utils.so
71704	system/lib/android.system.net.netd@1.0.so
84176	system/lib/android.system.net.netd@1.1.so
76144	system/lib/android.system.wifi.keystore@1.0.so
66808	system/lib/drm/libfwdlockengine.so
44940	system/lib/extractors/libaacextractor.so
33932	system/lib/extractors/libamrextractor.so
72220	system/lib/extractors/libflacextractor.so
332708	system/lib/extractors/libmidiextractor.so
165996	system/lib/extractors/libmkvextractor.so
52388	system/lib/extractors/libmp3extractor.so
153412	system/lib/extractors/libmp4extractor.so
120248	system/lib/extractors/libmpeg2extractor.so
57360	system/lib/extractors/liboggextractor.so
34228	system/lib/extractors/libwavextractor.so
28600	system/lib/hw/android.hidl.memory@1.0-impl.so
42980	system/lib/hw/audio.a2dp.default.so
5448	system/lib/ld-android.so
130476	system/lib/libaaudioservice.so
159976	system/lib/libaaudio.so
49184	system/lib/libadbconnection.so
275976	system/lib/libandroidfw.so
15896	system/lib/libandroid_net.so
1529004	system/lib/libandroid_runtime.so
400740	system/lib/libandroid_servers.so
101036	system/lib/libandroid.so
87312	system/lib/libapedec.so
45552	system/lib/libappfuse.so
1921480	system/lib/libart-compiler.so
206188	system/lib/libart-dexlayout.so
87680	system/lib/libart-disassembler.so
6003352	system/lib/libart.so
15892	system/lib/libasyncio.so
368744	system/lib/libaudioclient.so
33388	system/lib/libaudioeffect_jni.so
323040	system/lib/libaudioflinger.so
136112	system/lib/libaudiohal@2.0.so
157504	system/lib/libaudiohal@4.0.so
24372	system/lib/libaudiohal_deathhandler.so
15896	system/lib/libaudiohal.so
24556	system/lib/libaudiomanager.so
80256	system/lib/libaudiopolicyenginedefault.so
287968	system/lib/libaudiopolicymanagerdefault.so
15884	system/lib/libaudiopolicymanager.so
89012	system/lib/libaudiopolicyservice.so
260712	system/lib/libaudioprocessing.so
24256	system/lib/libaudioroute.so
24480	system/lib/libaudiospdif.so
70708	system/lib/libaudioutils.so
20100	system/lib/libavservices_minijail.so
87372	system/lib/libbacktrace.so
63012	system/lib/libbase.so
360324	system/lib/libbcc.so
940620	system/lib/libbcinfo.so
421896	system/lib/libbinder.so
28556	system/lib/libbinderwrapper.so
868788	system/lib/libblas.so
41420	system/lib/libbluetooth-binder.so
266016	system/lib/libbluetooth_jni.so
3283120	system/lib/libbluetooth.so
62020	system/lib/libbootanimation.so
79168	system/lib/libboot_optimization.so
46512	system/lib/libbpf.so
20236	system/lib/libbrillo-binder.so
133720	system/lib/libbrillo.so
101836	system/lib/libbrillo-stream.so
653188	system/lib/libbrotli.so
101664	system/lib/libbufferhubqueue.so
92576	system/lib/libbz.so
109828	system/lib/libcamera2ndk.so
248408	system/lib/libcamera_client.so
43072	system/lib/libcamera_metadata.so
1046728	system/lib/libcameraservice.so
2427500	system/lib/libcam_facedetection.so
24500	system/lib/libcap.so
1044760	system/lib/libchrome.so
2112004	system/lib/libclang_rt.asan-arm-android.so
297820	system/lib/libclcore.bc
323452	system/lib/libclcore_debug.bc
941408	system/lib/libclcore_debug_g.bc
1067372	system/lib/libclcore_g.bc
301196	system/lib/libclcore_neon.bc
190036	system/lib/libc_malloc_debug.so
16036	system/lib/libc_malloc_hooks.so
36392	system/lib/libcompiler_rt.so
840528	system/lib/libcrypto.so
15940	system/lib/libcrypto_utils.so
988464	system/lib/libcsiconv.so
640320	system/lib/libc++.so
832140	system/lib/libc.so
479948	system/lib/libcups.so
271452	system/lib/libcurl.so
67488	system/lib/libcutils.so
28536	system/lib/libdebuggerd_client.so
15960	system/lib/libdefcontainer_jni.so
250464	system/lib/libdexfile.so
28468	system/lib/libdiskconfig.so
37076	system/lib/libdisplayservicehidl.so
5980	system/lib/libdl.so
630912	system/lib/libdng_sdk.so
37632	system/lib/libdrmframework_jni.so
109116	system/lib/libdrmframework.so
62580	system/lib/libdrm.so
33376	system/lib/libdt_fd_forward.so
24560	system/lib/libdt_socket.so
45808	system/lib/libdumpstateaidl.so
36840	system/lib/libdumpstateutil.so
20232	system/lib/libdumputils.so
22188	system/lib/libeecolorapi.so
28416	system/lib/libeffectsconfig.so
136088	system/lib/libEGL.so
20176	system/lib/libETC1.so
292808	system/lib/libevent.so
186280	system/lib/libexif.so
112560	system/lib/libexpat.so
48184	system/lib/libext2_blkid.so
20160	system/lib/libext2_com_err.so
32668	system/lib/libext2_e2p.so
227368	system/lib/libext2fs.so
24204	system/lib/libext2_misc.so
54000	system/lib/libext2_quota.so
24364	system/lib/libext2_uuid.so
28512	system/lib/libext4_utils.so
28384	system/lib/libf2fs_sparseblock.so
20096	system/lib/libfablizzerfaceandroid.so
7139484	system/lib/libffmpeg.so
262944	system/lib/libFFTEm.so
142308	system/lib/libfilterfw.so
15952	system/lib/libfilterpack_imageproc.so
24376	system/lib/libfmq.so
607964	system/lib/libft2.so
28484	system/lib/libgatekeeper.so
36832	system/lib/libGLESv1_CM.so
78504	system/lib/libGLESv2.so
78504	system/lib/libGLESv3.so
16036	system/lib/libgraphicsenv.so
15864	system/lib/libgtest_prod.so
477996	system/lib/libgui.so
15964	system/lib/libhardware_legacy.so
15924	system/lib/libhardware.so
391868	system/lib/libharfbuzz_ng.so
32848	system/lib/libheif.so
20308	system/lib/libhidcommand_jni.so
15880	system/lib/libhidlallocatorutils.so
54428	system/lib/libhidlbase.so
229220	system/lib/libhidl-gen-hash.so
291572	system/lib/libhidl-gen-utils.so
28744	system/lib/libhidlmemory.so
288728	system/lib/libhidltransport.so
131164	system/lib/libhwbinder.so
5949252	system/lib/libhwui.so
1794084	system/lib/libicui18n.so
1277152	system/lib/libicuuc.so
67240	system/lib/libimg_utils.so
83800	system/lib/libincident.so
317160	system/lib/libinputflinger.so
62480	system/lib/libinputservice.so
154960	system/lib/libinput.so
20076	system/lib/libion.so
90376	system/lib/libiprouteutil.so
226728	system/lib/libjavacore.so
224064	system/lib/libjavacrypto.so
222764	system/lib/libjdwp.so
494160	system/lib/libjesancache.so
15956	system/lib/libjnigraphics.so
292088	system/lib/libjni_jpegutil.so
899732	system/lib/libjni_latinime.so
20284	system/lib/libjni_pacprocessor.so
15140	system/lib/libjni_tinyplanet.so
311312	system/lib/libjpeg.so
131992	system/lib/libkeymaster4support.so
61964	system/lib/libkeymaster_messages.so
181040	system/lib/libkeymaster_portable.so
66292	system/lib/libkeystore_aidl.so
58672	system/lib/libkeystore_binder.so
20464	system/lib/libkeystore-engine.so
46372	system/lib/libkeystore_parcelables.so
15052	system/lib/libkeyutils.so
141644	system/lib/liblayers_proto.so
15904	system/lib/libldacBT_abr.so
57268	system/lib/libldacBT_enc.so
20128	system/lib/liblizardlite.so
13150092	system/lib/libLLVM_android.so
53244	system/lib/liblogcat.so
89004	system/lib/liblog.so
20040	system/lib/liblogwrap.so
194300	system/lib/liblshal.so
74140	system/lib/liblz4.so
120356	system/lib/liblzma.so
36948	system/lib/libmdnssd.so
1163328	system/lib/libmedia2_jni.so
126740	system/lib/libmediadrmmetrics_lite.so
158164	system/lib/libmediadrm.so
32908	system/lib/libmediaextractorservice.so
50192	system/lib/libmediaextractor.so
86848	system/lib/libmedia_helper.so
351984	system/lib/libmedia_jni.so
41372	system/lib/libmedialogservice.so
50364	system/lib/libmediametrics.so
105820	system/lib/libmediandk.so
183140	system/lib/libmedia_omx.so
649036	system/lib/libmediaplayerservice.so
370108	system/lib/libmedia.so
49928	system/lib/libmediautils.so
20364	system/lib/libmemtrack.so
118252	system/lib/libmemunreachable.so
20128	system/lib/libmetricslogger.so
59280	system/lib/libmidi.so
94840	system/lib/libminijail.so
117752	system/lib/libminikin.so
140788	system/lib/libm.so
141516	system/lib/libmtp.so
24272	system/lib/libnativebridge.so
32784	system/lib/libnativehelper.so
33300	system/lib/libnativeloader.so
24260	system/lib/libnativewindow.so
33112	system/lib/libnbaio.so
95588	system/lib/libnblog.so
234776	system/lib/libncurses.so
61892	system/lib/libnetdaidl.so
20236	system/lib/libnetd_client.so
41864	system/lib/libnetdutils.so
28564	system/lib/libnetlink.so
32768	system/lib/libnetutils.so
764376	system/lib/libneuralnetworks.so
456700	system/lib/libnfc_nci_jni.so
631828	system/lib/libnfc-nci.so
20112	system/lib/libnpt.so
36936	system/lib/libopenjdkjvm.so
496148	system/lib/libopenjdkjvmti.so
174068	system/lib/libopenjdk.so
20024	system/lib/libOpenMAXAL.so
20024	system/lib/libOpenSLES.so
294056	system/lib/libopus.so
15920	system/lib/liboscontrol.so
20608	system/lib/libpackagelistparser.so
5676168	system/lib/libpac.so
24368	system/lib/libpagemap.so
257168	system/lib/libpcap.so
102804	system/lib/libpcre2.so
37032	system/lib/libpcrecpp.so
4918544	system/lib/libpdfium.so
306612	system/lib/libpdx_default_transport.so
79640	system/lib/libpiex.so
155460	system/lib/libpixelflinger.so
170680	system/lib/libpng.so
24624	system/lib/libpowermanager.so
15912	system/lib/libpower.so
16004	system/lib/libprintspooler_jni.so
32776	system/lib/libprocessgroup.so
20112	system/lib/libprocinfo.so
1406708	system/lib/libprotobuf-cpp-full.so
200784	system/lib/libprotobuf-cpp-lite.so
36824	system/lib/libprotoutil.so
20656	system/lib/libqtaguid.so
20120	system/lib/libradio_metadata.so
49904	system/lib/libresourcemanagerservice.so
878080	system/lib/librk_audio.so
317660	system/lib/librk_demux.so
1616180	system/lib/librkffplayer.so
144720	system/lib/librkswscale.so
486436	system/lib/librkwmapro.so
16224	system/lib/librockchipxxx.so
9974080	system/lib/librockcv_java.so
15940	system/lib/libRSCacheDir.so
243904	system/lib/libRScpp.so
1201160	system/lib/libRSCpuRef.so
166216	system/lib/libRSDriver.so
247260	system/lib/libRS_internal.so
59568	system/lib/librs_jni.so
60508	system/lib/libRS.so
170748	system/lib/librtp_jni.so
20216	system/lib/libschedulerservicehidl.so
80984	system/lib/libselinux.so
53784	system/lib/libsensorservicehidl.so
153836	system/lib/libsensorservice.so
75364	system/lib/libsensor.so
565804	system/lib/libsepol.so
45452	system/lib/libservices.so
20308	system/lib/libserviceutility.so
15908	system/lib/libsigchain.so
151900	system/lib/libsoftkeymasterdevice.so
24344	system/lib/libsonic.so
355160	system/lib/libsonivox.so
45880	system/lib/libsoundpool.so
105036	system/lib/libsoundtriggerservice.so
54552	system/lib/libsoundtrigger.so
33220	system/lib/libsparse.so
29820	system/lib/libspeexresampler.so
894372	system/lib/libsqlite.so
515216	system/lib/libssh.so
228432	system/lib/libssl.so
73940	system/lib/libstagefright_amrnb_common.so
104888	system/lib/libstagefright_bufferqueue_helper.so
28924	system/lib/libstagefright_codecbase.so
15888	system/lib/libstagefright_enc_common.so
99832	system/lib/libstagefright_flacdec.so
142904	system/lib/libstagefright_foundation.so
285408	system/lib/libstagefright_httplive.so
15960	system/lib/libstagefright_http_support.so
290884	system/lib/libstagefright_omx.so
28872	system/lib/libstagefright_omx_utils.so
962784	system/lib/libstagefright.so
649288	system/lib/libstagefright_soft_aacdec.so
461400	system/lib/libstagefright_soft_aacenc.so
134812	system/lib/libstagefright_soft_amrdec.so
95176	system/lib/libstagefright_soft_amrnbenc.so
150296	system/lib/libstagefright_soft_amrwbenc.so
343824	system/lib/libstagefright_soft_avcdec.so
316484	system/lib/libstagefright_soft_avcenc.so
33656	system/lib/libstagefright_soft_flacdec.so
130396	system/lib/libstagefright_soft_flacenc.so
29448	system/lib/libstagefright_soft_g711dec.so
38136	system/lib/libstagefright_soft_gsmdec.so
432108	system/lib/libstagefright_soft_hevcdec.so
76136	system/lib/libstagefright_soft_mp3dec.so
126828	system/lib/libstagefright_soft_mpeg2dec.so
128660	system/lib/libstagefright_soft_mpeg4dec.so
170324	system/lib/libstagefright_soft_mpeg4enc.so
38120	system/lib/libstagefright_soft_opusdec.so
24748	system/lib/libstagefright_soft_rawdec.so
33868	system/lib/libstagefright_soft_vorbisdec.so
522112	system/lib/libstagefright_soft_vpxdec.so
1757948	system/lib/libstagefright_soft_vpxenc.so
53964	system/lib/libstagefright_xmlparser.so
74264	system/lib/libstatslog.so
20040	system/lib/libstdc++.so
15956	system/lib/libsurfaceflinger_ddmconnection.so
1040976	system/lib/libsurfaceflinger.so
24388	system/lib/libsuspend.so
15948	system/lib/libsync.so
41092	system/lib/libsysutils.so
28308	system/lib/libtextclassifier_hash.so
166244	system/lib/libtextclassifier.so
764596	system/lib/libtflite.so
20220	system/lib/libthermalcallback.so
41348	system/lib/libthermalservice.so
62568	system/lib/libtimestats_proto.so
32928	system/lib/libtinyalsa.so
71132	system/lib/libtinyxml2.so
28512	system/lib/libtombstoned_client.so
484932	system/lib/libtraced_shared.so
122664	system/lib/libui.so
91564	system/lib/libunwind.so
250672	system/lib/libunwindstack.so
24408	system/lib/libusbhost.so
29140	system/lib/libutilscallstack.so
96916	system/lib/libutils.so
353952	system/lib/libvintf.so
696988	system/lib/libvixl-arm64.so
844460	system/lib/libvixl-arm.so
15896	system/lib/libvndksupport.so
133472	system/lib/libvorbisidec.so
127076	system/lib/libvulkan.so
20164	system/lib/libwebviewchromium_loader.so
20308	system/lib/libwebviewchromium_plat_support.so
262752	system/lib/libwfds.so
24300	system/lib/libwifikeystorehal.so
16020	system/lib/libwifi-service.so
20192	system/lib/libwifi-system-iface.so
20252	system/lib/libwifi-system.so
206480	system/lib/libwilhelm.so
985524	system/lib/libxml2.so
45532	system/lib/libziparchive.so
106428	system/lib/libz.so
126460	system/lib/vndk-28/android.frameworks.displayservice@1.0.so
62400	system/lib/vndk-28/android.frameworks.schedulerservice@1.0.so
161700	system/lib/vndk-28/android.frameworks.sensorservice@1.0.so
92984	system/lib/vndk-28/android.frameworks.vr.composer@1.0.so
443832	system/lib/vndk-28/android.hardware.audio@2.0.so
473796	system/lib/vndk-28/android.hardware.audio@4.0.so
6472	system/lib/vndk-28/android.hardware.audio.common@2.0.so
14832	system/lib/vndk-28/android.hardware.audio.common@2.0-util.so
6472	system/lib/vndk-28/android.hardware.audio.common@4.0.so
14832	system/lib/vndk-28/android.hardware.audio.common@4.0-util.so
11060	system/lib/vndk-28/android.hardware.audio.common-util.so
892760	system/lib/vndk-28/android.hardware.audio.effect@2.0.so
888592	system/lib/vndk-28/android.hardware.audio.effect@4.0.so
58340	system/lib/vndk-28/android.hardware.authsecret@1.0.so
66716	system/lib/vndk-28/android.hardware.automotive.audiocontrol@1.0.so
177852	system/lib/vndk-28/android.hardware.automotive.evs@1.0.so
114380	system/lib/vndk-28/android.hardware.automotive.vehicle@2.0.so
122140	system/lib/vndk-28/android.hardware.biometrics.fingerprint@2.1.so
96584	system/lib/vndk-28/android.hardware.bluetooth@1.0.so
97076	system/lib/vndk-28/android.hardware.bluetooth.a2dp@1.0.so
75360	system/lib/vndk-28/android.hardware.boot@1.0.so
183044	system/lib/vndk-28/android.hardware.broadcastradio@1.0.so
213292	system/lib/vndk-28/android.hardware.broadcastradio@1.1.so
234380	system/lib/vndk-28/android.hardware.broadcastradio@2.0.so
6496	system/lib/vndk-28/android.hardware.camera.common@1.0.so
206548	system/lib/vndk-28/android.hardware.camera.device@1.0.so
152772	system/lib/vndk-28/android.hardware.camera.device@3.2.so
75676	system/lib/vndk-28/android.hardware.camera.device@3.3.so
122432	system/lib/vndk-28/android.hardware.camera.device@3.4.so
6448	system/lib/vndk-28/android.hardware.camera.metadata@3.2.so
6448	system/lib/vndk-28/android.hardware.camera.metadata@3.3.so
109856	system/lib/vndk-28/android.hardware.camera.provider@2.4.so
169100	system/lib/vndk-28/android.hardware.cas@1.0.so
71008	system/lib/vndk-28/android.hardware.cas.native@1.0.so
92688	system/lib/vndk-28/android.hardware.configstore@1.0.so
84116	system/lib/vndk-28/android.hardware.configstore@1.1.so
10764	system/lib/vndk-28/android.hardware.configstore-utils.so
96512	system/lib/vndk-28/android.hardware.confirmationui@1.0.so
6488	system/lib/vndk-28/android.hardware.confirmationui-support-lib.so
113492	system/lib/vndk-28/android.hardware.contexthub@1.0.so
264288	system/lib/vndk-28/android.hardware.drm@1.0.so
187460	system/lib/vndk-28/android.hardware.drm@1.1.so
58196	system/lib/vndk-28/android.hardware.dumpstate@1.0.so
71188	system/lib/vndk-28/android.hardware.gatekeeper@1.0.so
665728	system/lib/vndk-28/android.hardware.gnss@1.0.so
223720	system/lib/vndk-28/android.hardware.gnss@1.1.so
66848	system/lib/vndk-28/android.hardware.graphics.allocator@2.0.so
156652	system/lib/vndk-28/android.hardware.graphics.bufferqueue@1.0.so
187284	system/lib/vndk-28/android.hardware.graphics.composer@2.1.so
161740	system/lib/vndk-28/android.hardware.graphics.composer@2.2.so
67024	system/lib/vndk-28/android.hardware.health@1.0.so
118724	system/lib/vndk-28/android.hardware.health@2.0.so
62560	system/lib/vndk-28/android.hardware.ir@1.0.so
105672	system/lib/vndk-28/android.hardware.keymaster@3.0.so
122816	system/lib/vndk-28/android.hardware.keymaster@4.0.so
62516	system/lib/vndk-28/android.hardware.light@2.0.so
6476	system/lib/vndk-28/android.hardware.media@1.0.so
122744	system/lib/vndk-28/android.hardware.media.bufferpool@1.0.so
289824	system/lib/vndk-28/android.hardware.media.omx@1.0.so
58468	system/lib/vndk-28/android.hardware.memtrack@1.0.so
152644	system/lib/vndk-28/android.hardware.neuralnetworks@1.0.so
79636	system/lib/vndk-28/android.hardware.neuralnetworks@1.1.so
96552	system/lib/vndk-28/android.hardware.nfc@1.0.so
105180	system/lib/vndk-28/android.hardware.nfc@1.1.so
71140	system/lib/vndk-28/android.hardware.oemlock@1.0.so
66772	system/lib/vndk-28/android.hardware.power@1.0.so
71192	system/lib/vndk-28/android.hardware.power@1.1.so
71184	system/lib/vndk-28/android.hardware.power@1.2.so
972176	system/lib/vndk-28/android.hardware.radio@1.0.so
691012	system/lib/vndk-28/android.hardware.radio@1.1.so
767564	system/lib/vndk-28/android.hardware.radio@1.2.so
126944	system/lib/vndk-28/android.hardware.radio.config@1.0.so
126936	system/lib/vndk-28/android.hardware.radio.deprecated@1.0.so
105520	system/lib/vndk-28/android.hardware.secure_element@1.0.so
83916	system/lib/vndk-28/android.hardware.sensors@1.0.so
23464	system/lib/vndk-28/android.hardware.soundtrigger@2.0-core.so
113732	system/lib/vndk-28/android.hardware.soundtrigger@2.0.so
126244	system/lib/vndk-28/android.hardware.soundtrigger@2.1.so
62528	system/lib/vndk-28/android.hardware.tetheroffload.config@1.0.so
118600	system/lib/vndk-28/android.hardware.tetheroffload.control@1.0.so
66980	system/lib/vndk-28/android.hardware.thermal@1.0.so
92788	system/lib/vndk-28/android.hardware.thermal@1.1.so
109744	system/lib/vndk-28/android.hardware.tv.cec@1.0.so
92820	system/lib/vndk-28/android.hardware.tv.input@1.0.so
92952	system/lib/vndk-28/android.hardware.usb@1.0.so
97252	system/lib/vndk-28/android.hardware.usb@1.1.so
92748	system/lib/vndk-28/android.hardware.usb.gadget@1.0.so
66784	system/lib/vndk-28/android.hardware.vibrator@1.0.so
71044	system/lib/vndk-28/android.hardware.vibrator@1.1.so
75272	system/lib/vndk-28/android.hardware.vibrator@1.2.so
58192	system/lib/vndk-28/android.hardware.vr@1.0.so
66884	system/lib/vndk-28/android.hardware.weaver@1.0.so
758152	system/lib/vndk-28/android.hardware.wifi@1.0.so
149648	system/lib/vndk-28/android.hardware.wifi@1.1.so
417080	system/lib/vndk-28/android.hardware.wifi@1.2.so
66948	system/lib/vndk-28/android.hardware.wifi.hostapd@1.0.so
105704	system/lib/vndk-28/android.hardware.wifi.offload@1.0.so
993756	system/lib/vndk-28/android.hardware.wifi.supplicant@1.0.so
386652	system/lib/vndk-28/android.hardware.wifi.supplicant@1.1.so
62748	system/lib/vndk-28/android.hidl.allocator@1.0.so
6444	system/lib/vndk-28/android.hidl.memory.block@1.0.so
66700	system/lib/vndk-28/android.hidl.token@1.0.so
11288	system/lib/vndk-28/android.hidl.token@1.0-utils.so
62568	system/lib/vndk-28/android.system.net.netd@1.0.so
75052	system/lib/vndk-28/android.system.net.netd@1.1.so
66996	system/lib/vndk-28/android.system.wifi.keystore@1.0.so
15140	system/lib/vndk-28/libadf.so
14904	system/lib/vndk-28/libaudioroute.so
61596	system/lib/vndk-28/libaudioutils.so
335388	system/lib/vndk-28/libbinder.so
33868	system/lib/vndk-28/libcamera_metadata.so
15264	system/lib/vndk-28/libcap.so
1995676	system/lib/vndk-28/libclang_rt.ubsan_standalone-arm-android.so
10824	system/lib/vndk-28/libcn-cbor.so
786672	system/lib/vndk-28/libcrypto.so
6488	system/lib/vndk-28/libcrypto_utils.so
271412	system/lib/vndk-28/libcurl.so
19264	system/lib/vndk-28/libdiskconfig.so
27648	system/lib/vndk-28/libdumpstateutil.so
283672	system/lib/vndk-28/libevent.so
177240	system/lib/vndk-28/libexif.so
103996	system/lib/vndk-28/libexpat.so
15116	system/lib/vndk-28/libfmq.so
19180	system/lib/vndk-28/libgatekeeper.so
443848	system/lib/vndk-28/libgui.so
10852	system/lib/vndk-28/libhardware_legacy.so
6544	system/lib/vndk-28/libhidlallocatorutils.so
41176	system/lib/vndk-28/libhidlcache.so
302332	system/lib/vndk-28/libjpeg.so
61940	system/lib/vndk-28/libkeymaster_messages.so
181016	system/lib/vndk-28/libkeymaster_portable.so
6564	system/lib/vndk-28/libldacBT_abr.so
48128	system/lib/vndk-28/libldacBT_enc.so
64960	system/lib/vndk-28/liblz4.so
77780	system/lib/vndk-28/libmedia_helper.so
174096	system/lib/vndk-28/libmedia_omx.so
11168	system/lib/vndk-28/libmemtrack.so
85776	system/lib/vndk-28/libminijail.so
6456	system/lib/vndk-28/libmkbootimg_abi_check.so
23664	system/lib/vndk-28/libnetutils.so
92728	system/lib/vndk-28/libnl.so
284916	system/lib/vndk-28/libopus.so
15156	system/lib/vndk-28/libpagemap.so
93636	system/lib/vndk-28/libpcre2.so
70416	system/lib/vndk-28/libpiex.so
170652	system/lib/vndk-28/libpng.so
6692	system/lib/vndk-28/libpower.so
10884	system/lib/vndk-28/libprocinfo.so
1406672	system/lib/vndk-28/libprotobuf-cpp-full.so
191756	system/lib/vndk-28/libprotobuf-cpp-lite.so
45592	system/lib/vndk-28/libpuresoftkeymasterdevice.so
10860	system/lib/vndk-28/libradio_metadata.so
46712	system/lib/vndk-28/libselinux.so
151828	system/lib/vndk-28/libsoftkeymasterdevice.so
20648	system/lib/vndk-28/libspeexresampler.so
880736	system/lib/vndk-28/libsqlite.so
211032	system/lib/vndk-28/libssl.so
64756	system/lib/vndk-28/libstagefright_amrnb_common.so
95824	system/lib/vndk-28/libstagefright_bufferqueue_helper.so
6500	system/lib/vndk-28/libstagefright_enc_common.so
90768	system/lib/vndk-28/libstagefright_flacdec.so
133848	system/lib/vndk-28/libstagefright_foundation.so
281848	system/lib/vndk-28/libstagefright_omx.so
19604	system/lib/vndk-28/libstagefright_omx_utils.so
640308	system/lib/vndk-28/libstagefright_soft_aacdec.so
452404	system/lib/vndk-28/libstagefright_soft_aacenc.so
125748	system/lib/vndk-28/libstagefright_soft_amrdec.so
86028	system/lib/vndk-28/libstagefright_soft_amrnbenc.so
141244	system/lib/vndk-28/libstagefright_soft_amrwbenc.so
335108	system/lib/vndk-28/libstagefright_soft_avcdec.so
307460	system/lib/vndk-28/libstagefright_soft_avcenc.so
24588	system/lib/vndk-28/libstagefright_soft_flacdec.so
121344	system/lib/vndk-28/libstagefright_soft_flacenc.so
20388	system/lib/vndk-28/libstagefright_soft_g711dec.so
29064	system/lib/vndk-28/libstagefright_soft_gsmdec.so
423004	system/lib/vndk-28/libstagefright_soft_hevcdec.so
67068	system/lib/vndk-28/libstagefright_soft_mp3dec.so
117788	system/lib/vndk-28/libstagefright_soft_mpeg2dec.so
119588	system/lib/vndk-28/libstagefright_soft_mpeg4dec.so
161260	system/lib/vndk-28/libstagefright_soft_mpeg4enc.so
29056	system/lib/vndk-28/libstagefright_soft_opusdec.so
15620	system/lib/vndk-28/libstagefright_soft_rawdec.so
24796	system/lib/vndk-28/libstagefright_soft_vorbisdec.so
513092	system/lib/vndk-28/libstagefright_soft_vpxdec.so
1748624	system/lib/vndk-28/libstagefright_soft_vpxenc.so
44868	system/lib/vndk-28/libstagefright_xmlparser.so
15128	system/lib/vndk-28/libsuspend.so
32028	system/lib/vndk-28/libsysutils.so
23768	system/lib/vndk-28/libtinyalsa.so
62012	system/lib/vndk-28/libtinyxml2.so
113632	system/lib/vndk-28/libui.so
15128	system/lib/vndk-28/libusbhost.so
687988	system/lib/vndk-28/libvixl-arm64.so
835428	system/lib/vndk-28/libvixl-arm.so
124288	system/lib/vndk-28/libvorbisidec.so
10952	system/lib/vndk-28/libwifi-system-iface.so
989052	system/lib/vndk-28/libxml2.so
220588	system/lib/vndk-28/libyuv.so
45504	system/lib/vndk-28/libziparchive.so
6448	system/lib/vndk-sp-28/android.hardware.graphics.common@1.0.so
6448	system/lib/vndk-sp-28/android.hardware.graphics.common@1.1.so
71428	system/lib/vndk-sp-28/android.hardware.graphics.mapper@2.0.so
75728	system/lib/vndk-sp-28/android.hardware.graphics.mapper@2.1.so
239856	system/lib/vndk-sp-28/android.hardware.renderscript@1.0.so
92452	system/lib/vndk-sp-28/android.hidl.memory@1.0.so
58404	system/lib/vndk-sp-28/android.hidl.memory.token@1.0.so
19400	system/lib/vndk-sp-28/hw/android.hidl.memory@1.0-impl.so
87340	system/lib/vndk-sp-28/libbacktrace.so
58048	system/lib/vndk-sp-28/libbase.so
931356	system/lib/vndk-sp-28/libbcinfo.so
859744	system/lib/vndk-sp-28/libblas.so
32180	system/lib/vndk-sp-28/libcompiler_rt.so
640356	system/lib/vndk-sp-28/libc++.so
54272	system/lib/vndk-sp-28/libcutils.so
6672	system/lib/vndk-sp-28/libhardware.so
49380	system/lib/vndk-sp-28/libhidlbase.so
19568	system/lib/vndk-sp-28/libhidlmemory.so
279624	system/lib/vndk-sp-28/libhidltransport.so
117252	system/lib/vndk-sp-28/libhwbinder_noltopgo.so
122132	system/lib/vndk-sp-28/libhwbinder.so
10780	system/lib/vndk-sp-28/libion.so
116172	system/lib/vndk-sp-28/liblzma.so
1201080	system/lib/vndk-sp-28/libRSCpuRef.so
157124	system/lib/vndk-sp-28/libRSDriver.so
238208	system/lib/vndk-sp-28/libRS_internal.so
91464	system/lib/vndk-sp-28/libunwind.so
242220	system/lib/vndk-sp-28/libunwindstack.so
20088	system/lib/vndk-sp-28/libutilscallstack.so
87884	system/lib/vndk-sp-28/libutils.so
106408	system/lib/vndk-sp-28/libz.so
16130	system/media/audio/alarms/Alarm_Beep_01.ogg
5898	system/media/audio/alarms/Alarm_Beep_02.ogg
21153	system/media/audio/alarms/Alarm_Beep_03.ogg
11368	system/media/audio/alarms/Alarm_Buzzer.ogg
27052	system/media/audio/alarms/Alarm_Classic.ogg
11160	system/media/audio/alarms/Alarm_Rooster_02.ogg
117225	system/media/audio/alarms/Argon.ogg
51499	system/media/audio/alarms/Barium.ogg
97611	system/media/audio/alarms/Carbon.ogg
27025	system/media/audio/alarms/Cesium.ogg
117227	system/media/audio/alarms/Fermium.ogg
147068	system/media/audio/alarms/Hassium.ogg
147067	system/media/audio/alarms/Helium.ogg
103196	system/media/audio/alarms/Krypton.ogg
176788	system/media/audio/alarms/Neon.ogg
97614	system/media/audio/alarms/Neptunium.ogg
176792	system/media/audio/alarms/Nobelium.ogg
42488	system/media/audio/alarms/Osmium.ogg
27025	system/media/audio/alarms/Oxygen.ogg
112676	system/media/audio/alarms/Platinum.ogg
103252	system/media/audio/alarms/Plutonium.ogg
112676	system/media/audio/alarms/Promethium.ogg
47812	system/media/audio/alarms/Scandium.ogg
10414	system/media/audio/notifications/Adara.ogg
7593	system/media/audio/notifications/Aldebaran.ogg
7021	system/media/audio/notifications/Altair.ogg
8927	system/media/audio/notifications/Alya.ogg
10375	system/media/audio/notifications/Antares.ogg
27849	system/media/audio/notifications/Antimony.ogg
7908	system/media/audio/notifications/arcturus.ogg
7933	system/media/audio/notifications/Arcturus.ogg
15851	system/media/audio/notifications/Argon.ogg
34601	system/media/audio/notifications/Beat_Box_Android.ogg
15714	system/media/audio/notifications/Bellatrix.ogg
19381	system/media/audio/notifications/Beryllium.ogg
16108	system/media/audio/notifications/Betelgeuse.ogg
19121	system/media/audio/notifications/CaffeineSnake.ogg
11948	system/media/audio/notifications/Canopus.ogg
13126	system/media/audio/notifications/Capella.ogg
14648	system/media/audio/notifications/Castor.ogg
26158	system/media/audio/notifications/CetiAlpha.ogg
18121	system/media/audio/notifications/Cobalt.ogg
10936	system/media/audio/notifications/Cricket.ogg
18659	system/media/audio/notifications/DearDeer.ogg
14416	system/media/audio/notifications/Deneb.ogg
8911	system/media/audio/notifications/Doink.ogg
16985	system/media/audio/notifications/DontPanic.ogg
13244	system/media/audio/notifications/Drip.ogg
15199	system/media/audio/notifications/Electra.ogg
11950	system/media/audio/notifications/F1_MissedCall.ogg
20983	system/media/audio/notifications/F1_New_MMS.ogg
11941	system/media/audio/notifications/F1_New_SMS.ogg
18674	system/media/audio/notifications/Fluorine.ogg
22003	system/media/audio/notifications/Fomalhaut.ogg
12214	system/media/audio/notifications/Gallium.ogg
38517	system/media/audio/notifications/Heaven.ogg
7445	system/media/audio/notifications/Helium.ogg
18442	system/media/audio/notifications/Highwire.ogg
13986	system/media/audio/notifications/Hojus.ogg
58227	system/media/audio/notifications/Iridium.ogg
11566	system/media/audio/notifications/Krypton.ogg
15619	system/media/audio/notifications/KzurbSonar.ogg
18138	system/media/audio/notifications/Lalande.ogg
18854	system/media/audio/notifications/Merope.ogg
17711	system/media/audio/notifications/Mira.ogg
16243	system/media/audio/notifications/moonbeam.ogg
20052	system/media/audio/notifications/OnTheHunt.ogg
14645	system/media/audio/notifications/Palladium.ogg
16905	system/media/audio/notifications/pixiedust.ogg
18884	system/media/audio/notifications/pizzicato.ogg
6652	system/media/audio/notifications/Plastic_Pipe.ogg
20531	system/media/audio/notifications/Polaris.ogg
23463	system/media/audio/notifications/Pollux.ogg
22344	system/media/audio/notifications/Procyon.ogg
13244	system/media/audio/notifications/Proxima.ogg
25356	system/media/audio/notifications/Radon.ogg
27852	system/media/audio/notifications/regulus.ogg
21191	system/media/audio/notifications/Rubidium.ogg
10893	system/media/audio/notifications/Selenium.ogg
24298	system/media/audio/notifications/Shaula.ogg
26612	system/media/audio/notifications/sirius.ogg
20976	system/media/audio/notifications/Sirrah.ogg
26180	system/media/audio/notifications/SpaceSeed.ogg
9069	system/media/audio/notifications/Spica.ogg
39203	system/media/audio/notifications/Strontium.ogg
8479	system/media/audio/notifications/Syrma.ogg
43522	system/media/audio/notifications/TaDa.ogg
10435	system/media/audio/notifications/Talitha.ogg
15866	system/media/audio/notifications/Tejat.ogg
18235	system/media/audio/notifications/Thallium.ogg
18858	system/media/audio/notifications/Tinkerbell.ogg
10421	system/media/audio/notifications/tweeters.ogg
24040	system/media/audio/notifications/Upsilon.ogg
29476	system/media/audio/notifications/vega.ogg
29310	system/media/audio/notifications/Vega.ogg
16487	system/media/audio/notifications/Voila.ogg
27860	system/media/audio/notifications/Xenon.ogg
12697	system/media/audio/notifications/Zirconium.ogg
24973	system/media/audio/ringtones/Andromeda.ogg
25014	system/media/audio/ringtones/ANDROMEDA.ogg
21457	system/media/audio/ringtones/Aquila.ogg
225891	system/media/audio/ringtones/ArgoNavis.ogg
89684	system/media/audio/ringtones/Atria.ogg
36049	system/media/audio/ringtones/Backroad.ogg
28433	system/media/audio/ringtones/BeatPlucker.ogg
30759	system/media/audio/ringtones/BentleyDubs.ogg
46673	system/media/audio/ringtones/Big_Easy.ogg
41828	system/media/audio/ringtones/BirdLoop.ogg
39174	system/media/audio/ringtones/Bollywood.ogg
26310	system/media/audio/ringtones/BOOTES.ogg
48968	system/media/audio/ringtones/BussaMove.ogg
37672	system/media/audio/ringtones/Cairo.ogg
38875	system/media/audio/ringtones/Calypso_Steel.ogg
31133	system/media/audio/ringtones/CanisMajor.ogg
31170	system/media/audio/ringtones/CANISMAJOR.ogg
30615	system/media/audio/ringtones/CaribbeanIce.ogg
15384	system/media/audio/ringtones/Carina.ogg
31941	system/media/audio/ringtones/CASSIOPEIA.ogg
27644	system/media/audio/ringtones/Centaurus.ogg
39921	system/media/audio/ringtones/Champagne_Edition.ogg
37179	system/media/audio/ringtones/Club_Cubano.ogg
37952	system/media/audio/ringtones/CrayonRock.ogg
206809	system/media/audio/ringtones/CrazyDream.ogg
30925	system/media/audio/ringtones/CurveBall.ogg
29807	system/media/audio/ringtones/Cygnus.ogg
61434	system/media/audio/ringtones/DancinFool.ogg
15476	system/media/audio/ringtones/Ding.ogg
50545	system/media/audio/ringtones/DonMessWivIt.ogg
31778	system/media/audio/ringtones/Draco.ogg
175423	system/media/audio/ringtones/DreamTheme.ogg
50578	system/media/audio/ringtones/Eastern_Sky.ogg
61699	system/media/audio/ringtones/Enter_the_Nexus.ogg
36585	system/media/audio/ringtones/Eridani.ogg
31563	system/media/audio/ringtones/EtherShake.ogg
113055	system/media/audio/ringtones/FreeFlight.ogg
46425	system/media/audio/ringtones/FriendlyGhost.ogg
39738	system/media/audio/ringtones/Funk_Yall.ogg
49978	system/media/audio/ringtones/GameOverGuitar.ogg
38688	system/media/audio/ringtones/Gimme_Mo_Town.ogg
44376	system/media/audio/ringtones/Girtab.ogg
54923	system/media/audio/ringtones/Glacial_Groove.ogg
41094	system/media/audio/ringtones/Growl.ogg
68588	system/media/audio/ringtones/HalfwayHome.ogg
22962	system/media/audio/ringtones/hydra.ogg
22924	system/media/audio/ringtones/Hydra.ogg
15146	system/media/audio/ringtones/InsertCoin.ogg
164867	system/media/audio/ringtones/Kuma.ogg
38307	system/media/audio/ringtones/LoopyLounge.ogg
34627	system/media/audio/ringtones/LoveFlute.ogg
42540	system/media/audio/ringtones/Lyra.ogg
38054	system/media/audio/ringtones/Machina.ogg
28124	system/media/audio/ringtones/MidEvilJaunt.ogg
34864	system/media/audio/ringtones/MildlyAlarming.ogg
41355	system/media/audio/ringtones/Nairobi.ogg
44104	system/media/audio/ringtones/Nassau.ogg
15563	system/media/audio/ringtones/NewPlayer.ogg
36287	system/media/audio/ringtones/Noises1.ogg
39025	system/media/audio/ringtones/Noises2.ogg
26662	system/media/audio/ringtones/Noises3.ogg
32933	system/media/audio/ringtones/No_Limits.ogg
32640	system/media/audio/ringtones/OrganDub.ogg
54419	system/media/audio/ringtones/Orion.ogg
39199	system/media/audio/ringtones/Paradise_Island.ogg
86694	system/media/audio/ringtones/Pegasus.ogg
236343	system/media/audio/ringtones/Perseus.ogg
112981	system/media/audio/ringtones/PERSEUS.ogg
56616	system/media/audio/ringtones/Playa.ogg
16639	system/media/audio/ringtones/Pyxis.ogg
178685	system/media/audio/ringtones/Rasalas.ogg
52536	system/media/audio/ringtones/Revelation.ogg
57764	system/media/audio/ringtones/Rigel.ogg
59024	system/media/audio/ringtones/Ring_Classic_02.ogg
21007	system/media/audio/ringtones/Ring_Digital_02.ogg
52809	system/media/audio/ringtones/Ring_Synth_02.ogg
43965	system/media/audio/ringtones/Ring_Synth_04.ogg
49108	system/media/audio/ringtones/Road_Trip.ogg
31641	system/media/audio/ringtones/RomancingTheTone.ogg
42220	system/media/audio/ringtones/Safari.ogg
39138	system/media/audio/ringtones/Savannah.ogg
108945	system/media/audio/ringtones/Scarabaeus.ogg
316370	system/media/audio/ringtones/Sceptrum.ogg
44422	system/media/audio/ringtones/Seville.ogg
39413	system/media/audio/ringtones/Shes_All_That.ogg
44186	system/media/audio/ringtones/SilkyWay.ogg
28898	system/media/audio/ringtones/SitarVsSitar.ogg
89515	system/media/audio/ringtones/Solarium.ogg
26144	system/media/audio/ringtones/SpringyJalopy.ogg
37847	system/media/audio/ringtones/Steppin_Out.ogg
36620	system/media/audio/ringtones/Terminated.ogg
72078	system/media/audio/ringtones/Testudo.ogg
175478	system/media/audio/ringtones/Themos.ogg
36539	system/media/audio/ringtones/Third_Eye.ogg
46049	system/media/audio/ringtones/Thunderfoot.ogg
26298	system/media/audio/ringtones/TwirlAway.ogg
185005	system/media/audio/ringtones/UrsaMinor.ogg
144112	system/media/audio/ringtones/URSAMINOR.ogg
28691	system/media/audio/ringtones/VeryAlarmed.ogg
18043	system/media/audio/ringtones/Vespa.ogg
31136	system/media/audio/ringtones/World.ogg
77919	system/media/audio/ringtones/Zeta.ogg
5951	system/media/audio/ui/camera_click.ogg
9376	system/media/audio/ui/camera_focus.ogg
6327	system/media/audio/ui/Dock.ogg
5136	system/media/audio/ui/Effect_Tick.ogg
5832	system/media/audio/ui/KeypressDelete.ogg
9847	system/media/audio/ui/KeypressInvalid.ogg
6246	system/media/audio/ui/KeypressReturn.ogg
5952	system/media/audio/ui/KeypressSpacebar.ogg
5837	system/media/audio/ui/KeypressStandard.ogg
8308	system/media/audio/ui/Lock.ogg
12401	system/media/audio/ui/LowBattery.ogg
5713	system/media/audio/ui/Trusted.ogg
8240	system/media/audio/ui/Undock.ogg
7853	system/media/audio/ui/Unlock.ogg
6483	system/media/audio/ui/VideoRecord.ogg
6528	system/media/audio/ui/VideoStop.ogg
12025	system/media/audio/ui/WirelessChargingStarted.ogg
258613	system/priv-app/BackupRestoreConfirmation/BackupRestoreConfirmation.apk
16864	system/priv-app/BackupRestoreConfirmation/oat/arm/BackupRestoreConfirmation.odex
347	system/priv-app/BackupRestoreConfirmation/oat/arm/BackupRestoreConfirmation.vdex
410014	system/priv-app/BlockedNumberProvider/BlockedNumberProvider.apk
25056	system/priv-app/BlockedNumberProvider/oat/arm/BlockedNumberProvider.odex
3965	system/priv-app/BlockedNumberProvider/oat/arm/BlockedNumberProvider.vdex
9249252	system/priv-app/BluetoothSpeaker/BluetoothSpeaker.apk
127456	system/priv-app/BluetoothSpeaker/oat/arm/BluetoothSpeaker.odex
51949	system/priv-app/BluetoothSpeaker/oat/arm/BluetoothSpeaker.vdex
1008593926	system/priv-app/bo-android/bo-android.apk
34908	system/priv-app/bo-android/oat/arm/bo-android.odex
9477	system/priv-app/bo-android/oat/arm/bo-android.vdex
4748342	system/priv-app/bo-firmwareUpdate/bo-firmwareUpdate.apk
70720	system/priv-app/bo-firmwareUpdate/oat/arm/bo-firmwareUpdate.odex
35062	system/priv-app/bo-firmwareUpdate/oat/arm/bo-firmwareUpdate.vdex
4485212	system/priv-app/bo_motor_test/bo_motor_test.apk
58496	system/priv-app/bo_motor_test/oat/arm/bo_motor_test.odex
33717	system/priv-app/bo_motor_test/oat/arm/bo_motor_test.vdex
151475740	system/priv-app/bo-wifi/bo-wifi.apk
26280	system/priv-app/bo-wifi/oat/arm/bo-wifi.odex
3999	system/priv-app/bo-wifi/oat/arm/bo-wifi.vdex
15628175	system/priv-app/bo_xmosupdate/bo_xmosupdate.apk
75012	system/priv-app/bo_xmosupdate/oat/arm/bo_xmosupdate.odex
33927	system/priv-app/bo_xmosupdate/oat/arm/bo_xmosupdate.vdex
23002725	system/priv-app/BurnInTest/BurnInTest.apk
128436	system/priv-app/BurnInTest/oat/arm/BurnInTest.odex
53355	system/priv-app/BurnInTest/oat/arm/BurnInTest.vdex
709430	system/priv-app/CalendarProvider/CalendarProvider.apk
25056	system/priv-app/CalendarProvider/oat/arm/CalendarProvider.odex
5109	system/priv-app/CalendarProvider/oat/arm/CalendarProvider.vdex
1184675	system/priv-app/ContactsProvider/ContactsProvider.apk
29152	system/priv-app/ContactsProvider/oat/arm/ContactsProvider.odex
7995	system/priv-app/ContactsProvider/oat/arm/ContactsProvider.vdex
22744	system/priv-app/CtsShimPrivPrebuilt/CtsShimPrivPrebuilt.apk
29086	system/priv-app/DefaultContainerService/DefaultContainerService.apk
16864	system/priv-app/DefaultContainerService/oat/arm/DefaultContainerService.odex
326	system/priv-app/DefaultContainerService/oat/arm/DefaultContainerService.vdex
889736	system/priv-app/DownloadProvider/DownloadProvider.apk
25056	system/priv-app/DownloadProvider/oat/arm/DownloadProvider.odex
5120	system/priv-app/DownloadProvider/oat/arm/DownloadProvider.vdex
267144	system/priv-app/DownloadProviderUi/DownloadProviderUi.apk
16864	system/priv-app/DownloadProviderUi/oat/arm/DownloadProviderUi.odex
490	system/priv-app/DownloadProviderUi/oat/arm/DownloadProviderUi.vdex
61854	system/priv-app/ExternalStorageProvider/ExternalStorageProvider.apk
16864	system/priv-app/ExternalStorageProvider/oat/arm/ExternalStorageProvider.odex
1033	system/priv-app/ExternalStorageProvider/oat/arm/ExternalStorageProvider.vdex
45470	system/priv-app/ExtServices/ExtServices.apk
16864	system/priv-app/ExtServices/oat/arm/ExtServices.odex
1223	system/priv-app/ExtServices/oat/arm/ExtServices.vdex
139533493	system/priv-app/FabTestSoftware/FabTestSoftware.apk
141132	system/priv-app/FabTestSoftware/oat/arm/FabTestSoftware.odex
45025	system/priv-app/FabTestSoftware/oat/arm/FabTestSoftware.vdex
33182	system/priv-app/FusedLocation/FusedLocation.apk
34672	system/priv-app/FusedLocation/oat/arm/FusedLocation.odex
303	system/priv-app/FusedLocation/oat/arm/FusedLocation.vdex
261878	system/priv-app/InputDevices/InputDevices.apk
21268	system/priv-app/InputDevices/oat/arm/InputDevices.odex
40	system/priv-app/InputDevices/oat/arm/InputDevices.vdex
2994708	system/priv-app/Launcher3Robot/Launcher3Robot.apk
45536	system/priv-app/Launcher3Robot/oat/arm/Launcher3Robot.odex
21729	system/priv-app/Launcher3Robot/oat/arm/Launcher3Robot.vdex
3692037	system/priv-app/ManagedProvisioning/ManagedProvisioning.apk
41440	system/priv-app/ManagedProvisioning/oat/arm/ManagedProvisioning.odex
22084	system/priv-app/ManagedProvisioning/oat/arm/ManagedProvisioning.vdex
329512	system/priv-app/MediaProvider/MediaProvider.apk
16864	system/priv-app/MediaProvider/oat/arm/MediaProvider.odex
4063	system/priv-app/MediaProvider/oat/arm/MediaProvider.vdex
29713776	system/priv-app/me.embodied.productiontesting.finaltest/me.embodied.productiontesting.finaltest.apk
128400	system/priv-app/me.embodied.productiontesting.finaltest/oat/arm/me.embodied.productiontesting.finaltest.odex
53104	system/priv-app/me.embodied.productiontesting.finaltest/oat/arm/me.embodied.productiontesting.finaltest.vdex
28297114	system/priv-app/me.embodied.productiontesting.internalassytest/me.embodied.productiontesting.internalassytest.apk
128432	system/priv-app/me.embodied.productiontesting.internalassytest/oat/arm/me.embodied.productiontesting.internalassytest.odex
53090	system/priv-app/me.embodied.productiontesting.internalassytest/oat/arm/me.embodied.productiontesting.internalassytest.vdex
28154471	system/priv-app/me.embodied.productiontesting.lifetest/me.embodied.productiontesting.lifetest.apk
128364	system/priv-app/me.embodied.productiontesting.lifetest/oat/arm/me.embodied.productiontesting.lifetest.odex
53122	system/priv-app/me.embodied.productiontesting.lifetest/oat/arm/me.embodied.productiontesting.lifetest.vdex
238050	system/priv-app/MmsService/MmsService.apk
20960	system/priv-app/MmsService/oat/arm/MmsService.odex
4868	system/priv-app/MmsService/oat/arm/MmsService.vdex
173456	system/priv-app/MtpDocumentsProvider/MtpDocumentsProvider.apk
16864	system/priv-app/MtpDocumentsProvider/oat/arm/MtpDocumentsProvider.odex
1889	system/priv-app/MtpDocumentsProvider/oat/arm/MtpDocumentsProvider.vdex
119663	system/priv-app/MusicFX/MusicFX.apk
16864	system/priv-app/MusicFX/oat/arm/MusicFX.odex
1590	system/priv-app/MusicFX/oat/arm/MusicFX.vdex
16864	system/priv-app/OneTimeInitializer/oat/arm/OneTimeInitializer.odex
874	system/priv-app/OneTimeInitializer/oat/arm/OneTimeInitializer.vdex
41306	system/priv-app/OneTimeInitializer/OneTimeInitializer.apk
45536	system/priv-app/OSUpdate/oat/arm/OSUpdate.odex
27597	system/priv-app/OSUpdate/oat/arm/OSUpdate.vdex
2778599	system/priv-app/OSUpdate/OSUpdate.apk
66016	system/priv-app/PackageInstaller/oat/arm/PackageInstaller.odex
33173	system/priv-app/PackageInstaller/oat/arm/PackageInstaller.vdex
9050599	system/priv-app/PackageInstaller/PackageInstaller.apk
16864	system/priv-app/Provision/oat/arm/Provision.odex
107	system/priv-app/Provision/oat/arm/Provision.vdex
12634	system/priv-app/Provision/Provision.apk
16864	system/priv-app/ProxyHandler/oat/arm/ProxyHandler.odex
368	system/priv-app/ProxyHandler/oat/arm/ProxyHandler.vdex
20894	system/priv-app/ProxyHandler/ProxyHandler.apk
128652	system/priv-app/qcapp/oat/arm/qcapp.odex
53338	system/priv-app/qcapp/oat/arm/qcapp.vdex
22998812	system/priv-app/qcapp/qcapp.apk
41440	system/priv-app/SettingsIntelligence/oat/arm/SettingsIntelligence.odex
21840	system/priv-app/SettingsIntelligence/oat/arm/SettingsIntelligence.vdex
2373560	system/priv-app/SettingsIntelligence/SettingsIntelligence.apk
123360	system/priv-app/Settings/oat/arm/Settings.odex
63975	system/priv-app/Settings/oat/arm/Settings.vdex
352820	system/priv-app/SettingsProvider/oat/arm/SettingsProvider.odex
3822	system/priv-app/SettingsProvider/oat/arm/SettingsProvider.vdex
308169	system/priv-app/SettingsProvider/SettingsProvider.apk
47902207	system/priv-app/Settings/Settings.apk
16864	system/priv-app/SharedStorageBackup/oat/arm/SharedStorageBackup.odex
344	system/priv-app/SharedStorageBackup/oat/arm/SharedStorageBackup.vdex
16730	system/priv-app/SharedStorageBackup/SharedStorageBackup.apk
25056	system/priv-app/Shell/oat/arm/Shell.odex
8224	system/priv-app/Shell/oat/arm/Shell.vdex
811743	system/priv-app/Shell/Shell.apk
16864	system/priv-app/StatementService/oat/arm/StatementService.odex
1898	system/priv-app/StatementService/oat/arm/StatementService.vdex
74142	system/priv-app/StatementService/StatementService.apk
45536	system/priv-app/StorageManager/oat/arm/StorageManager.odex
24183	system/priv-app/StorageManager/oat/arm/StorageManager.vdex
6376109	system/priv-app/StorageManager/StorageManager.apk
123360	system/priv-app/SystemUI/oat/arm/SystemUI.odex
67672	system/priv-app/SystemUI/oat/arm/SystemUI.vdex
20722098	system/priv-app/SystemUI/SystemUI.apk
4004120	system/priv-app/Telecom/oat/arm/Telecom.odex
26175	system/priv-app/Telecom/oat/arm/Telecom.vdex
6924352	system/priv-app/Telecom/Telecom.apk
16864	system/priv-app/TelephonyProvider/oat/arm/TelephonyProvider.odex
3900	system/priv-app/TelephonyProvider/oat/arm/TelephonyProvider.vdex
414702	system/priv-app/TelephonyProvider/TelephonyProvider.apk
49632	system/priv-app/TeleService/oat/arm/TeleService.odex
35856	system/priv-app/TeleService/oat/arm/TeleService.vdex
11974627	system/priv-app/TeleService/TeleService.apk
16864	system/priv-app/UserDictionaryProvider/oat/arm/UserDictionaryProvider.odex
744	system/priv-app/UserDictionaryProvider/oat/arm/UserDictionaryProvider.vdex
37278	system/priv-app/UserDictionaryProvider/UserDictionaryProvider.apk
16864	system/priv-app/VpnDialogs/oat/arm/VpnDialogs.odex
537	system/priv-app/VpnDialogs/oat/arm/VpnDialogs.vdex
177223	system/priv-app/VpnDialogs/VpnDialogs.apk
16864	system/priv-app/WallpaperCropper/oat/arm/WallpaperCropper.odex
2163	system/priv-app/WallpaperCropper/oat/arm/WallpaperCropper.vdex
140133	system/priv-app/WallpaperCropper/WallpaperCropper.apk
50172	system/priv-app/xmosdfu/oat/arm/xmosdfu.odex
27689	system/priv-app/xmosdfu/oat/arm/xmosdfu.vdex
6257311	system/priv-app/xmosdfu/xmosdfu.apk
37	system/product/build.prop
703	system/usr/hyphen-data/hyph-as.hyb
1329	system/usr/hyphen-data/hyph-as.lic.txt
6098	system/usr/hyphen-data/hyph-be.hyb
2981	system/usr/hyphen-data/hyph-be.lic.txt
3467	system/usr/hyphen-data/hyph-bg.hyb
2927	system/usr/hyphen-data/hyph-bg.lic.txt
703	system/usr/hyphen-data/hyph-bn.hyb
1328	system/usr/hyphen-data/hyph-bn.lic.txt
52842	system/usr/hyphen-data/hyph-cu.hyb
1538	system/usr/hyphen-data/hyph-cu.lic.txt
35913	system/usr/hyphen-data/hyph-cy.hyb
1871	system/usr/hyphen-data/hyph-cy.lic.txt
6967	system/usr/hyphen-data/hyph-da.hyb
1728	system/usr/hyphen-data/hyph-da.lic.txt
121393	system/usr/hyphen-data/hyph-de-1901.hyb
2387	system/usr/hyphen-data/hyph-de-1901.lic.txt
120412	system/usr/hyphen-data/hyph-de-1996.hyb
2396	system/usr/hyphen-data/hyph-de-1996.lic.txt
120218	system/usr/hyphen-data/hyph-de-ch-1901.hyb
2421	system/usr/hyphen-data/hyph-de-ch-1901.lic.txt
46607	system/usr/hyphen-data/hyph-en-gb.hyb
3948	system/usr/hyphen-data/hyph-en-gb.lic.txt
59802	system/usr/hyphen-data/hyph-en-us.hyb
1772	system/usr/hyphen-data/hyph-en-us.lic.txt
14995	system/usr/hyphen-data/hyph-es.hyb
1855	system/usr/hyphen-data/hyph-es.lic.txt
21421	system/usr/hyphen-data/hyph-et.hyb
1575	system/usr/hyphen-data/hyph-et.lic.txt
665	system/usr/hyphen-data/hyph-eu.hyb
2856	system/usr/hyphen-data/hyph-eu.lic.txt
8165	system/usr/hyphen-data/hyph-fr.hyb
2450	system/usr/hyphen-data/hyph-fr.lic.txt
35824	system/usr/hyphen-data/hyph-ga.hyb
1804	system/usr/hyphen-data/hyph-ga.lic.txt
655	system/usr/hyphen-data/hyph-gu.hyb
1329	system/usr/hyphen-data/hyph-gu.lic.txt
687	system/usr/hyphen-data/hyph-hi.hyb
1326	system/usr/hyphen-data/hyph-hi.lic.txt
3031	system/usr/hyphen-data/hyph-hr.hyb
2578	system/usr/hyphen-data/hyph-hr.lic.txt
317251	system/usr/hyphen-data/hyph-hu.hyb
2022	system/usr/hyphen-data/hyph-hu.lic.txt
605	system/usr/hyphen-data/hyph-hy.hyb
754	system/usr/hyphen-data/hyph-hy.lic.txt
711	system/usr/hyphen-data/hyph-kn.hyb
1328	system/usr/hyphen-data/hyph-kn.lic.txt
1839	system/usr/hyphen-data/hyph-la.hyb
6802	system/usr/hyphen-data/hyph-la.lic.txt
776	system/usr/hyphen-data/hyph-ml.hyb
1330	system/usr/hyphen-data/hyph-ml.lic.txt
5142	system/usr/hyphen-data/hyph-mn-cyrl.hyb
2532	system/usr/hyphen-data/hyph-mn-cyrl.lic.txt
687	system/usr/hyphen-data/hyph-mr.hyb
1328	system/usr/hyphen-data/hyph-mr.lic.txt
145263	system/usr/hyphen-data/hyph-nb.hyb
1114	system/usr/hyphen-data/hyph-nb.lic.txt
145263	system/usr/hyphen-data/hyph-nn.hyb
1117	system/usr/hyphen-data/hyph-nn.lic.txt
647	system/usr/hyphen-data/hyph-or.hyb
1326	system/usr/hyphen-data/hyph-or.lic.txt
607	system/usr/hyphen-data/hyph-pa.hyb
1328	system/usr/hyphen-data/hyph-pa.lic.txt
1414	system/usr/hyphen-data/hyph-pt.hyb
5068	system/usr/hyphen-data/hyph-pt.lic.txt
6631	system/usr/hyphen-data/hyph-sl.hyb
2395	system/usr/hyphen-data/hyph-sl.lic.txt
554	system/usr/hyphen-data/hyph-ta.hyb
1326	system/usr/hyphen-data/hyph-ta.lic.txt
703	system/usr/hyphen-data/hyph-te.hyb
1327	system/usr/hyphen-data/hyph-te.lic.txt
2712	system/usr/hyphen-data/hyph-tk.hyb
1540	system/usr/hyphen-data/hyph-tk.lic.txt
3484	system/usr/hyphen-data/hyph-und-ethi.hyb
1082	system/usr/hyphen-data/hyph-und-ethi.lic.txt
24075152	system/usr/icu/icudt60l.dat
634	system/usr/idc/AVRCP.idc
870	system/usr/idc/qwerty2.idc
869	system/usr/idc/qwerty.idc
14747	system/usr/keychars/Generic.kcm
15959	system/usr/keychars/qwerty2.kcm
15840	system/usr/keychars/qwerty.kcm
8318	system/usr/keychars/Vendor_18d1_Product_5018.kcm
14522	system/usr/keychars/Virtual.kcm
811	system/usr/keylayout/AVRCP.kl
796	system/usr/keylayout/ff420030_pwm.kl
796	system/usr/keylayout/ff680030_pwm.kl
9193	system/usr/keylayout/Generic.kl
2410	system/usr/keylayout/qwerty.kl
172	system/usr/keylayout/rk29-keypad.kl
810	system/usr/keylayout/Vendor_0079_Product_0011.kl
1277	system/usr/keylayout/Vendor_045e_Product_028e.kl
1277	system/usr/keylayout/Vendor_045e_Product_02d1.kl
1395	system/usr/keylayout/Vendor_045e_Product_02e0.kl
1416	system/usr/keylayout/Vendor_046d_Product_b501.kl
1027	system/usr/keylayout/Vendor_046d_Product_c216.kl
943	system/usr/keylayout/Vendor_046d_Product_c219.kl
925	system/usr/keylayout/Vendor_046d_Product_c21d.kl
950	system/usr/keylayout/Vendor_046d_Product_c21f.kl
1325	system/usr/keylayout/Vendor_046d_Product_c294.kl
1392	system/usr/keylayout/Vendor_046d_Product_c299.kl
2793	system/usr/keylayout/Vendor_046d_Product_c532.kl
1454	system/usr/keylayout/Vendor_054c_Product_0268.kl
1746	system/usr/keylayout/Vendor_054c_Product_05c4.kl
1746	system/usr/keylayout/Vendor_054c_Product_09cc.kl
788	system/usr/keylayout/Vendor_0583_Product_2060.kl
2399	system/usr/keylayout/Vendor_05ac_Product_0239.kl
1021	system/usr/keylayout/Vendor_0b05_Product_4500.kl
850	system/usr/keylayout/Vendor_1038_Product_1412.kl
805	system/usr/keylayout/Vendor_12bd_Product_d015.kl
1021	system/usr/keylayout/Vendor_1532_Product_0900.kl
988	system/usr/keylayout/Vendor_1689_Product_fd00.kl
942	system/usr/keylayout/Vendor_1689_Product_fd01.kl
942	system/usr/keylayout/Vendor_1689_Product_fe00.kl
1013	system/usr/keylayout/Vendor_18d1_Product_2c40.kl
1544	system/usr/keylayout/Vendor_18d1_Product_5018.kl
831	system/usr/keylayout/Vendor_1949_Product_0401.kl
935	system/usr/keylayout/Vendor_1bad_Product_f016.kl
940	system/usr/keylayout/Vendor_1bad_Product_f023.kl
935	system/usr/keylayout/Vendor_1bad_Product_f027.kl
951	system/usr/keylayout/Vendor_1bad_Product_f036.kl
1017	system/usr/keylayout/Vendor_1d79_Product_0009.kl
1994	system/usr/keylayout/Vendor_22b8_Product_093d.kl
968	system/usr/keylayout/Vendor_2378_Product_1008.kl
955	system/usr/keylayout/Vendor_2378_Product_100a.kl
12862	system/usr/share/bmd/RFFspeed_501.bmd
19586	system/usr/share/bmd/RFFstd_501.bmd
19195	system/usr/share/vim/autoload/dist/ft.vim
3987	system/usr/share/vim/autoload/spacehi.vim
548	system/usr/share/vim/colors/default.vim
2812	system/usr/share/vim/colors/desert.vim
73047	system/usr/share/vim/doc/editing.txt
8852	system/usr/share/vim/doc/help.txt
38426	system/usr/share/vim/doc/intro.txt
50875	system/usr/share/vim/doc/motion.txt
384406	system/usr/share/vim/doc/options.txt
13781	system/usr/share/vim/doc/scroll.txt
340315	system/usr/share/vim/doc/tags
46088	system/usr/share/vim/doc/term.txt
58086	system/usr/share/vim/filetype.vim
280	system/usr/share/vim/ftoff.vim
767	system/usr/share/vim/indent.vim
282	system/usr/share/vim/indoff.vim
7085	system/usr/share/vim/plugin/matchparen.vim
11250	system/usr/share/vim/scripts.vim
7839	system/usr/share/vim/syntax/awk.vim
2074	system/usr/share/vim/syntax/config.vim
799	system/usr/share/vim/syntax/conf.vim
6199	system/usr/share/vim/syntax/context.vim
2869	system/usr/share/vim/syntax/cpp.vim
31941	system/usr/share/vim/syntax/css.vim
27447	system/usr/share/vim/syntax/c.vim
17282	system/usr/share/vim/syntax/diff.vim
38642	system/usr/share/vim/syntax/doxygen.vim
4934	system/usr/share/vim/syntax/dtd.vim
4867	system/usr/share/vim/syntax/gitcommit.vim
8349	system/usr/share/vim/syntax/help.vim
18897	system/usr/share/vim/syntax/html.vim
5601	system/usr/share/vim/syntax/javascript.vim
18581	system/usr/share/vim/syntax/java.vim
811	system/usr/share/vim/syntax/logcat.vim
14052	system/usr/share/vim/syntax/lua.vim
909	system/usr/share/vim/syntax/manual.vim
8052	system/usr/share/vim/syntax/markdown.vim
7283	system/usr/share/vim/syntax/pod.vim
42640	system/usr/share/vim/syntax/sh.vim
4093	system/usr/share/vim/syntax/syncolor.vim
1984	system/usr/share/vim/syntax/synload.vim
1228	system/usr/share/vim/syntax/syntax.vim
20299	system/usr/share/vim/syntax/vb.vim
69836	system/usr/share/vim/syntax/vim.vim
8657	system/usr/share/vim/syntax/xml.vim
500578	system/usr/share/zoneinfo/tzdata
32363	system/usr/share/zoneinfo/tzlookup.xml
118628	system/xbin/htop
187544	system/xbin/nano
1194144	system/xbin/vim
5272	ueventd.rc
